0, 1, 8388608, 1, 512, 149.891282, 0, 9.1888417516707, 0, 0, 0, 0, 16976, 137061, 16975, 8460102
0, 1, 8388608, 1, 512, 149.6907059, 0, 9.16542801657552, 0, 0, 0, 0, 16975, 137051, 16974, 8460092
0, 1, 8388608, 1, 512, 149.5889656, 0, 9.16260565776809, 0, 0, 0, 0, 16975, 137051, 16974, 8460092
0, 1, 8388608, 1, 1024, 75.0359956, 0, 9.19194355670173, 0, 0, 0, 0, 8490, 68586, 8489, 8424395
0, 1, 8388608, 1, 1024, 74.7527297, 0, 9.15055330145825, 0, 0, 0, 0, 8489, 68576, 8488, 8424385
0, 1, 8388608, 1, 1024, 75.0573619, 0, 9.18477217082755, 0, 0, 0, 0, 8490, 68586, 8489, 8424395
0, 1, 8388608, 1, 1468, 52.3405931, 0, 9.19860477550227, 0, 0, 0, 0, 5923, 47872, 5922, 8413593
0, 1, 8388608, 1, 1468, 52.404337, 0, 9.20960928304392, 0, 0, 0, 0, 5923, 47872, 5922, 8413593
0, 1, 8388608, 1, 1468, 52.2815857, 0, 9.17957566714692, 0, 0, 0, 0, 5923, 47872, 5922, 8413593
0, 1, 8388608, 1, 2048, 37.7402578, 0, 9.24116291256773, 0, 0, 0, 0, 4247, 34348, 4246, 8406541
0, 1, 8388608, 1, 2048, 37.6253931, 0, 9.22168834713866, 0, 0, 0, 0, 4247, 34348, 4246, 8406541
0, 1, 8388608, 1, 2048, 37.6412649, 0, 9.23831959104014, 0, 0, 0, 0, 4247, 34348, 4246, 8406541
0, 1, 8388608, 1, 4096, 18.9067396, 0, 9.26179117900697, 0, 0, 0, 0, 2125, 17224, 2124, 8397609
0, 1, 8388608, 1, 4096, 18.8353407, 0, 9.31134989887879, 0, 0, 0, 0, 2125, 17224, 2124, 8397609
0, 1, 8388608, 1, 4096, 18.9299961, 0, 9.27301920396653, 0, 0, 0, 0, 2125, 17224, 2124, 8397609
0, 1, 8388608, 2, 512, 74.6332005, 0, 9.17219406082517, 0, 0, 0, 0, 16681, 134111, 16680, 8457152
0, 1, 8388608, 2, 512, 75.0333542, 0, 9.19686187753233, 0, 0, 0, 0, 16682, 134121, 16681, 8457162
0, 1, 8388608, 2, 512, 74.813367, 0, 9.18025501956374, 0, 0, 0, 0, 16682, 134121, 16681, 8457162
0, 1, 8388608, 2, 1024, 37.6308142, 0, 9.21809859573841, 0, 0, 0, 0, 8343, 67116, 8342, 8422925
0, 1, 8388608, 2, 1024, 37.3739994, 0, 9.16192581763073, 0, 0, 0, 0, 8342, 67106, 8341, 8422915
0, 1, 8388608, 2, 1024, 37.4675046, 0, 9.20668374621184, 0, 0, 0, 0, 8343, 67116, 8342, 8422925
0, 1, 8388608, 2, 1468, 26.1801069, 0, 9.22462096419728, 0, 0, 0, 0, 5820, 46842, 5819, 8412563
0, 1, 8388608, 2, 1468, 26.1665252, 0, 9.21367499434832, 0, 0, 0, 0, 5820, 46842, 5819, 8412563
0, 1, 8388608, 2, 1468, 26.2678976, 0, 9.2124260003561, 0, 0, 0, 0, 5820, 46842, 5819, 8412563
0, 1, 8388608, 2, 2048, 18.6480425, 0, 9.14000927738539, 0, 0, 0, 0, 4172, 33598, 4171, 8405791
0, 1, 8388608, 2, 2048, 18.8012452, 0, 9.18938646193694, 0, 0, 0, 0, 4173, 33608, 4172, 8405801
0, 1, 8388608, 2, 2048, 18.8431219, 0, 9.22872716359593, 0, 0, 0, 0, 4173, 33608, 4172, 8405801
0, 1, 8388608, 2, 4096, 9.4113141, 0, 9.21237101364467, 0, 0, 0, 0, 2088, 16854, 2086, 8397229
0, 1, 8388608, 2, 4096, 9.4649523, 0, 9.33311919908266, 0, 0, 0, 0, 2088, 16854, 2087, 8397239
0, 1, 8388608, 2, 4096, 9.3951001, 0, 9.25280593542589, 0, 0, 0, 0, 2087, 16844, 2086, 8397229
0, 1, 8388608, 4, 512, 37.2243393, 0, 9.12847195048721, 0, 0, 0, 0, 16534, 132641, 16533, 8455682
0, 1, 8388608, 4, 512, 37.3216805, 0, 9.13805558922745, 0, 0, 0, 0, 16534, 132641, 16533, 8455682
0, 1, 8388608, 4, 512, 37.2223096, 0, 9.12520242538176, 0, 0, 0, 0, 16534, 132641, 16533, 8455682
0, 1, 8388608, 4, 1024, 18.5540577, 0, 9.05161649499038, 0, 0, 0, 0, 8268, 66366, 8267, 8422175
0, 1, 8388608, 4, 1024, 18.722519, 1, 9.16002230164973, 0, 0, 0, 0, 8270, 66384, 8269, 8423213
0, 1, 8388608, 4, 1024, 18.5027824, 0, 9.02666369682714, 0, 0, 0, 0, 8268, 66366, 8267, 8422175
0, 1, 8388608, 4, 1468, 12.9835939, 0, 9.09862972284649, 0, 0, 0, 0, 5768, 46322, 5767, 8412043
0, 1, 8388608, 4, 1468, 12.9616704, 0, 9.15410077454997, 0, 0, 0, 0, 5768, 46322, 5767, 8412043
0, 1, 8388608, 4, 1468, 12.9676033, 0, 9.05734941582469, 0, 0, 0, 0, 5768, 46322, 5767, 8412043
0, 1, 8388608, 4, 2048, 9.3175638, 0, 9.10482133945657, 0, 0, 0, 0, 4135, 33228, 4134, 8405421
0, 1, 8388608, 4, 2048, 9.3800326, 0, 9.12335872448779, 0, 0, 0, 0, 4136, 33238, 4135, 8405431
0, 1, 8388608, 4, 2048, 9.3836233, 0, 9.169007341067, 0, 0, 0, 0, 4135, 33228, 4134, 8405421
0, 1, 8388608, 4, 4096, 4.6662751, 0, 9.11279990234309, 0, 0, 0, 0, 2069, 16664, 2068, 8397049
0, 1, 8388608, 4, 4096, 4.7010528, 0, 9.12923050216503, 0, 0, 0, 0, 2069, 16664, 2068, 8397049
0, 1, 8388608, 4, 4096, 4.6695213, 0, 9.08722852667173, 0, 0, 0, 0, 2069, 16664, 2068, 8397049
0, 1, 8388608, 8, 512, 18.2119985, 1, 8.90441599767655, 0, 0, 0, 0, 16460, 131899, 16459, 8455448
0, 1, 8388608, 8, 512, 18.2483342, 1, 8.89839114259101, 0, 0, 0, 0, 16460, 131899, 16459, 8455448
0, 1, 8388608, 8, 512, 18.1982869, 0, 8.84598699243118, 0, 0, 0, 0, 16459, 131891, 16458, 8454932
0, 1, 8388608, 8, 1024, 9.1196063, 0, 8.91622851809694, 0, 0, 0, 0, 8231, 65996, 8230, 8421805
0, 1, 8388608, 8, 1024, 9.1014499, 0, 8.87191191847835, 0, 0, 0, 0, 8230, 65986, 8229, 8421795
0, 1, 8388608, 8, 1024, 9.0740566, 3, 8.98587078388248, 0, 0, 0, 0, 8233, 66010, 8232, 8424879
0, 1, 8388608, 8, 1468, 6.3964062, 2, 8.93427550792694, 0, 0, 0, 0, 5744, 46078, 5743, 8414727
0, 1, 8388608, 8, 1468, 6.3729451, 1, 8.86906988918781, 0, 0, 0, 0, 5743, 46070, 5742, 8413255
0, 1, 8388608, 8, 1468, 6.334102, 0, 8.97158365696669, 0, 0, 0, 0, 5742, 46062, 5741, 8411783
0, 1, 8388608, 8, 2048, 4.5857047, 0, 9.02404827583167, 0, 0, 0, 0, 4117, 33048, 4116, 8405241
0, 1, 8388608, 8, 2048, 4.5896127, 1, 9.01173303524653, 0, 0, 0, 0, 4118, 33056, 4117, 8407293
0, 1, 8388608, 8, 2048, 4.5545256, 0, 8.86901435168351, 0, 0, 0, 0, 4116, 33038, 4115, 8405231
0, 1, 8388608, 8, 4096, 2.2974425, 0, 8.84321859727303, 0, 0, 0, 0, 2060, 16574, 2059, 8396959
0, 1, 8388608, 8, 4096, 2.3282532, 0, 8.96139049695598, 0, 0, 0, 0, 2060, 16574, 2059, 8396959
0, 1, 8388608, 8, 4096, 2.3009631, 0, 8.99693080120616, 0, 0, 0, 0, 2060, 16574, 2059, 8396959
0, 1, 8388608, 16, 512, 8.9824984, 1, 8.79141810749258, 0, 0, 0, 0, 16423, 131530, 16422, 8455079
0, 1, 8388608, 16, 512, 8.9894759, 1, 8.74789812202965, 0, 0, 0, 0, 16423, 131530, 16422, 8455079
0, 1, 8388608, 16, 512, 8.9727185, 1, 8.72128760176046, 0, 0, 0, 0, 16423, 131530, 16422, 8455079
0, 1, 8388608, 16, 1024, 4.4871777, 1, 8.82926692857462, 0, 0, 0, 0, 8213, 65815, 8212, 8422644
0, 1, 8388608, 16, 1024, 4.4721161, 0, 8.75201026963837, 0, 0, 0, 0, 8212, 65807, 8211, 8421616
0, 1, 8388608, 16, 1024, 4.5113855, 0, 8.67969027775175, 0, 0, 0, 0, 8212, 65807, 8211, 8421616
0, 1, 8388608, 16, 1468, 3.1515492, 1, 9.16704372502863, 0, 0, 0, 0, 5730, 45941, 5729, 8413126
0, 1, 8388608, 16, 1468, 3.1638367, 0, 9.02570939312379, 0, 0, 0, 0, 5729, 45933, 5728, 8411654
0, 1, 8388608, 16, 1468, 3.1280859, 2, 8.72510966534416, 0, 0, 0, 0, 5731, 45949, 5730, 8414598
0, 1, 8388608, 16, 2048, 2.2563114, 1, 8.73694894835353, 0, 0, 0, 0, 4108, 32957, 4107, 8407194
0, 1, 8388608, 16, 2048, 2.258907, 0, 8.79328139126301, 0, 0, 0, 0, 4107, 32949, 4106, 8405142
0, 1, 8388608, 16, 2048, 2.2597928, 1, 8.85408115573227, 0, 0, 0, 0, 4108, 32957, 4107, 8407194
0, 1, 8388608, 16, 4096, 1.1523378, 0, 8.98607145063579, 0, 0, 0, 0, 2055, 16525, 2054, 8396910
0, 1, 8388608, 16, 4096, 1.1506129, 0, 8.73258267529309, 0, 0, 0, 0, 2055, 16525, 2054, 8396910
0, 1, 8388608, 16, 4096, 1.1480861, 0, 8.78568924963474, 0, 0, 0, 0, 2055, 16525, 2054, 8396910
0, 1, 8388608, 32, 512, 4.5770598, 3, 8.99984925571415, 0, 0, 0, 0, 16408, 131376, 16407, 8455941
0, 1, 8388608, 32, 512, 4.5689937, 2, 8.95434985351231, 0, 0, 0, 0, 16407, 131368, 16406, 8455425
0, 1, 8388608, 32, 512, 4.5725754, 3, 8.88157780799601, 0, 0, 0, 0, 16408, 131376, 16407, 8455941
0, 1, 8388608, 32, 1024, 2.366624, 0, 9.76313950700892, 0, 0, 0, 0, 8204, 65727, 8203, 8421536
0, 1, 8388608, 32, 1024, 2.3897357, 2, 9.37669444829226, 0, 0, 0, 0, 8206, 65743, 8205, 8423592
0, 1, 8388608, 32, 1024, 2.3514353, 0, 9.89048627929555, 0, 0, 0, 0, 8204, 65727, 8203, 8421536
0, 1, 8388608, 32, 1468, 1.7143076, 4, 8.7489152016739, 0, 0, 0, 0, 5727, 45905, 5726, 8417482
0, 1, 8388608, 32, 1468, 1.7200633, 3, 8.8857114315033, 0, 0, 0, 0, 5726, 45897, 5725, 8416010
0, 1, 8388608, 32, 1468, 1.7241115, 5, 8.81960429251194, 0, 0, 0, 0, 5728, 45913, 5727, 8418954
0, 1, 8388608, 32, 2048, 1.291145, 3, 10.1105023175478, 0, 0, 0, 0, 4107, 32943, 4106, 8411268
0, 1, 8388608, 32, 2048, 1.2857883, 1, 8.84870123118162, 0, 0, 0, 0, 4105, 32927, 4104, 8407164
0, 1, 8388608, 32, 2048, 1.282959, 4, 8.77630207687616, 0, 0, 0, 0, 4108, 32951, 4107, 8413320
0, 1, 8388608, 32, 4096, 0.7151187, 1, 10.7774958014488, 0, 0, 0, 0, 2054, 16513, 2053, 8400990
0, 1, 8388608, 32, 4096, 0.7166489, 2, 10.5838337913156, 0, 0, 0, 0, 2055, 16521, 2054, 8405090
0, 1, 8388608, 32, 4096, 0.7124245, 1, 8.80569964647293, 0, 0, 0, 0, 2054, 16513, 2053, 8400990
0, 3, 8388608, 1, 512, 149.5885974, 0, 9.16488924646611, 0, 0, 0, 0, 16975, 137051, 16974, 8460092
0, 3, 8388608, 1, 512, 149.5768835, 0, 9.15801497873198, 0, 0, 0, 0, 16975, 137051, 16974, 8460092
0, 3, 8388608, 1, 512, 149.5633578, 0, 9.15708550405919, 0, 0, 0, 0, 16974, 137041, 16973, 8460082
0, 3, 8388608, 1, 1024, 74.8585433, 0, 9.16704498738253, 0, 0, 0, 0, 8489, 68576, 8488, 8424385
0, 3, 8388608, 1, 1024, 75.0090791, 0, 9.19659701886318, 0, 0, 0, 0, 8490, 68586, 8489, 8424395
0, 3, 8388608, 1, 1024, 75.03507, 0, 9.19573524556423, 0, 0, 0, 0, 8490, 68586, 8489, 8424395
0, 3, 8388608, 1, 1468, 52.5322617, 0, 9.22457130119494, 0, 0, 0, 0, 5923, 47872, 5922, 8413593
0, 3, 8388608, 1, 1468, 52.375782, 0, 9.23277397450168, 0, 0, 0, 0, 5923, 47872, 5922, 8413593
0, 3, 8388608, 1, 1468, 52.4106826, 0, 9.19909301458053, 0, 0, 0, 0, 5923, 47872, 5922, 8413593
0, 3, 8388608, 1, 2048, 37.7521761, 0, 9.23001255235962, 0, 0, 0, 0, 4247, 34348, 4246, 8406541
0, 3, 8388608, 1, 2048, 37.7191887, 0, 9.23773255576757, 0, 0, 0, 0, 4247, 34348, 4246, 8406541
0, 3, 8388608, 1, 2048, 37.6457222, 0, 9.22357075772173, 0, 0, 0, 0, 4247, 34348, 4246, 8406541
0, 3, 8388608, 1, 4096, 18.9270536, 0, 9.23502576109525, 0, 0, 0, 0, 2125, 17224, 2124, 8397609
0, 3, 8388608, 1, 4096, 18.9191857, 0, 9.26401857538401, 0, 0, 0, 0, 2125, 17224, 2124, 8397609
0, 3, 8388608, 1, 4096, 18.8837346, 0, 9.26276370631279, 0, 0, 0, 0, 2125, 17224, 2124, 8397609
0, 3, 8388608, 2, 512, 74.5571882, 0, 9.14665208305834, 0, 0, 0, 0, 16681, 134111, 16680, 8457152
0, 3, 8388608, 2, 512, 75.0167267, 0, 9.19866683968418, 0, 0, 0, 0, 16683, 134131, 16682, 8457172
0, 3, 8388608, 2, 512, 74.5629313, 0, 9.13957392765304, 0, 0, 0, 0, 16682, 134121, 16681, 8457162
0, 3, 8388608, 2, 1024, 37.289748, 0, 9.13133339791679, 0, 0, 0, 0, 8342, 67106, 8341, 8422915
0, 3, 8388608, 2, 1024, 37.4958014, 0, 9.2104469254917, 0, 0, 0, 0, 8343, 67116, 8341, 8422915
0, 3, 8388608, 2, 1024, 37.5600134, 0, 9.19719372020178, 0, 0, 0, 0, 8343, 67116, 8342, 8422925
0, 3, 8388608, 2, 1468, 26.1594788, 0, 9.21714673885732, 0, 0, 0, 0, 5820, 46842, 5819, 8412563
0, 3, 8388608, 2, 1468, 26.1409368, 0, 9.18779089974547, 0, 0, 0, 0, 5820, 46842, 5819, 8412563
0, 3, 8388608, 2, 1468, 26.2059025, 0, 9.22472271344905, 0, 0, 0, 0, 5820, 46842, 5819, 8412563
0, 3, 8388608, 2, 2048, 18.770022, 0, 9.22220034172406, 0, 0, 0, 0, 4173, 33608, 4172, 8405801
0, 3, 8388608, 2, 2048, 18.7863597, 0, 9.17282300321637, 0, 0, 0, 0, 4173, 33608, 4172, 8405801
0, 3, 8388608, 2, 2048, 18.8031776, 0, 9.23318006853397, 0, 0, 0, 0, 4173, 33608, 4172, 8405801
0, 3, 8388608, 2, 4096, 9.4822859, 0, 9.30344114533147, 0, 0, 0, 0, 2088, 16854, 2087, 8397239
0, 3, 8388608, 2, 4096, 9.4291495, 0, 9.23076299698772, 0, 0, 0, 0, 2088, 16854, 2087, 8397239
0, 3, 8388608, 2, 4096, 9.4720651, 0, 9.26372265392864, 0, 0, 0, 0, 2088, 16854, 2087, 8397239
0, 3, 8388608, 4, 512, 37.3395843, 0, 9.13677444415433, 0, 0, 0, 0, 16534, 132641, 16533, 8455682
0, 3, 8388608, 4, 512, 37.1473998, 0, 9.07015328435865, 0, 0, 0, 0, 16533, 132631, 16532, 8455672
0, 3, 8388608, 4, 512, 37.2760734, 0, 9.14539878262955, 0, 0, 0, 0, 16534, 132641, 16533, 8455682
0, 3, 8388608, 4, 1024, 18.5864813, 0, 9.05532601659429, 0, 0, 0, 0, 8268, 66366, 8267, 8422175
0, 3, 8388608, 4, 1024, 18.7277662, 0, 9.14219894433675, 0, 0, 0, 0, 8268, 66366, 8267, 8422175
0, 3, 8388608, 4, 1024, 18.5822005, 0, 9.10115312172534, 0, 0, 0, 0, 8268, 66366, 8267, 8422175
0, 3, 8388608, 4, 1468, 12.9337201, 0, 9.0936637465276, 0, 0, 0, 0, 5768, 46322, 5767, 8412043
0, 3, 8388608, 4, 1468, 12.9708115, 0, 9.1123817963343, 0, 0, 0, 0, 5768, 46322, 5767, 8412043
0, 3, 8388608, 4, 1468, 13.0861925, 0, 9.20222537117261, 0, 0, 0, 0, 5768, 46322, 5767, 8412043
0, 3, 8388608, 4, 2048, 9.2280423, 0, 9.15476131356425, 0, 0, 0, 0, 4135, 33228, 4134, 8405421
0, 3, 8388608, 4, 2048, 9.2998361, 0, 9.06044625056287, 0, 0, 0, 0, 4135, 33228, 4134, 8405421
0, 3, 8388608, 4, 2048, 9.3627767, 0, 9.15065632822613, 0, 0, 0, 0, 4136, 33238, 4134, 8405421
0, 3, 8388608, 4, 4096, 4.7199427, 0, 9.34513244363997, 0, 0, 0, 0, 2069, 16664, 2068, 8397049
0, 3, 8388608, 4, 4096, 4.6851983, 0, 9.10845212638378, 0, 0, 0, 0, 2069, 16664, 2068, 8397049
0, 3, 8388608, 4, 4096, 4.6610639, 0, 9.0532542930709, 0, 0, 0, 0, 2069, 16664, 2068, 8397049
0, 3, 8388608, 8, 512, 18.2824315, 1, 8.99232825678256, 0, 0, 0, 0, 16460, 131899, 16459, 8455448
0, 3, 8388608, 8, 512, 18.211684, 1, 8.90852707541651, 0, 0, 0, 0, 16460, 131899, 16459, 8455448
0, 3, 8388608, 8, 512, 18.2170338, 3, 8.88301584766143, 0, 0, 0, 0, 16462, 131915, 16461, 8456480
0, 3, 8388608, 8, 1024, 9.1257589, 2, 8.86189153728386, 0, 0, 0, 0, 8233, 66012, 8232, 8423861
0, 3, 8388608, 8, 1024, 9.1090928, 1, 8.95595134028958, 0, 0, 0, 0, 8232, 66004, 8231, 8422833
0, 3, 8388608, 8, 1024, 9.089258, 1, 8.862797729671, 0, 0, 0, 0, 8231, 65994, 8230, 8422823
0, 3, 8388608, 8, 1468, 6.3552366, 1, 8.91388099640608, 0, 0, 0, 0, 5743, 46070, 5742, 8413255
0, 3, 8388608, 8, 1468, 6.3423321, 0, 8.87120589613914, 0, 0, 0, 0, 5742, 46062, 5741, 8411783
0, 3, 8388608, 8, 1468, 6.34682, 1, 8.92764400690794, 0, 0, 0, 0, 5743, 46070, 5742, 8413255
0, 3, 8388608, 8, 2048, 4.580315, 0, 9.06200023988883, 0, 0, 0, 0, 4117, 33048, 4116, 8405241
0, 3, 8388608, 8, 2048, 4.5612998, 0, 8.89242849209242, 0, 0, 0, 0, 4117, 33048, 4116, 8405241
0, 3, 8388608, 8, 2048, 4.5931663, 0, 9.02301378341185, 0, 0, 0, 0, 4117, 33048, 4116, 8405241
0, 3, 8388608, 8, 4096, 2.2902573, 0, 8.94296417633692, 0, 0, 0, 0, 2060, 16574, 2059, 8396959
0, 3, 8388608, 8, 4096, 2.316228, 0, 9.00946826570564, 0, 0, 0, 0, 2060, 16574, 2059, 8396959
0, 3, 8388608, 8, 4096, 2.3129798, 1, 9.05195064842701, 0, 0, 0, 0, 2061, 16582, 2060, 8401059
0, 3, 8388608, 16, 512, 8.9764947, 2, 8.75638619597469, 0, 0, 0, 0, 16424, 131538, 16423, 8455595
0, 3, 8388608, 16, 512, 8.973632, 0, 8.73180614518268, 0, 0, 0, 0, 16422, 131522, 16421, 8454563
0, 3, 8388608, 16, 512, 8.9636068, 1, 8.71668891715152, 0, 0, 0, 0, 16423, 131530, 16422, 8455079
0, 3, 8388608, 16, 1024, 4.5496893, 3, 8.78454910384284, 0, 0, 0, 0, 8216, 65841, 8215, 8424710
0, 3, 8388608, 16, 1024, 4.5000918, 0, 8.70670920566601, 0, 0, 0, 0, 8212, 65807, 8211, 8421616
0, 3, 8388608, 16, 1024, 4.4916001, 0, 8.8130178696969, 0, 0, 0, 0, 8212, 65807, 8211, 8421616
0, 3, 8388608, 16, 1468, 3.1373248, 0, 8.7340254491816, 0, 0, 0, 0, 5729, 45933, 5728, 8411654
0, 3, 8388608, 16, 1468, 3.135087, 1, 8.77880530121426, 0, 0, 0, 0, 5730, 45941, 5729, 8413126
0, 3, 8388608, 16, 1468, 3.1410491, 2, 8.80906645519038, 0, 0, 0, 0, 5731, 45949, 5730, 8414598
0, 3, 8388608, 16, 2048, 2.2691229, 1, 8.81460297387093, 0, 0, 0, 0, 4109, 32967, 4107, 8407194
0, 3, 8388608, 16, 2048, 2.2642788, 0, 8.79500643350184, 0, 0, 0, 0, 4107, 32949, 4106, 8405142
0, 3, 8388608, 16, 2048, 2.2535228, 1, 8.68446531239897, 0, 0, 0, 0, 4108, 32957, 4107, 8407194
0, 3, 8388608, 16, 4096, 1.1548816, 0, 8.77111474983394, 0, 0, 0, 0, 2055, 16525, 2054, 8396910
0, 3, 8388608, 16, 4096, 1.1457804, 0, 8.53329990059137, 0, 0, 0, 0, 2055, 16525, 2054, 8396910
0, 3, 8388608, 16, 4096, 1.1446572, 0, 8.93433508463204, 0, 0, 0, 0, 2055, 16525, 2054, 8396910
0, 3, 8388608, 32, 512, 4.5595568, 1, 8.88680133761631, 0, 0, 0, 0, 16406, 131360, 16405, 8454909
0, 3, 8388608, 32, 512, 4.5761259, 0, 8.98161577060819, 0, 0, 0, 0, 16405, 131352, 16404, 8454393
0, 3, 8388608, 32, 512, 4.5682265, 1, 9.2231670084099, 0, 0, 0, 0, 16406, 131360, 16405, 8454909
0, 3, 8388608, 32, 1024, 2.3888916, 3, 8.93408567127254, 0, 0, 0, 0, 8207, 65751, 8206, 8424620
0, 3, 8388608, 32, 1024, 2.4452403, 0, 9.19253327366379, 0, 0, 0, 0, 8204, 65727, 8203, 8421536
0, 3, 8388608, 32, 1024, 2.3784968, 0, 10.3300071010987, 0, 0, 0, 0, 8204, 65727, 8203, 8421536
0, 3, 8388608, 32, 1468, 1.7376249, 3, 10.1109409394364, 0, 0, 0, 0, 5726, 45897, 5725, 8416010
0, 3, 8388608, 32, 1468, 1.7245303, 4, 8.7517648935318, 0, 0, 0, 0, 5727, 45905, 5726, 8417482
0, 3, 8388608, 32, 1468, 1.732649, 3, 9.43190526838104, 0, 0, 0, 0, 5726, 45897, 5725, 8416010
0, 3, 8388608, 32, 2048, 1.2773012, 4, 8.5247939452529, 0, 0, 0, 0, 4108, 32951, 4107, 8413320
0, 3, 8388608, 32, 2048, 1.2874075, 1, 10.1242868229747, 0, 0, 0, 0, 4105, 32927, 4104, 8407164
0, 3, 8388608, 32, 2048, 1.3023621, 2, 12.3868314549327, 0, 0, 0, 0, 4106, 32935, 4105, 8409216
0, 3, 8388608, 32, 4096, 0.6969557, 2, 8.71404679492116, 0, 0, 0, 0, 2055, 16521, 2054, 8405090
0, 3, 8388608, 32, 4096, 0.6770117, 0, 9.36113949865103, 0, 0, 0, 0, 2053, 16505, 2052, 8396890
0, 3, 8388608, 32, 4096, 0.7123003, 3, 10.913553647697, 0, 0, 0, 0, 2056, 16529, 2055, 8409190
0.005, 1, 8388608, 1, 512, 326.6491496, 76, 9.2592894619851, 78, 628, 100, 48564, 17059, 137891, 17128, 8500088
0.005, 1, 8388608, 1, 512, 311.0753172, 90, 9.25833726147736, 93, 750, 68, 33570, 17055, 137851, 17141, 8507302
0.005, 1, 8388608, 1, 512, 326.576813, 84, 9.23736601670807, 92, 752, 90, 44416, 17057, 137871, 17136, 8504216
0.005, 1, 8388608, 1, 1024, 166.5915063, 45, 9.25849953760291, 45, 360, 50, 44274, 8539, 69076, 8576, 8471075
0.005, 1, 8388608, 1, 1024, 162.5280458, 37, 9.31790260407311, 42, 346, 47, 48316, 8527, 68956, 8563, 8462801
0.005, 1, 8388608, 1, 1024, 149.8687388, 34, 9.23448488442649, 34, 272, 42, 39104, 8530, 68986, 8559, 8459707
0.005, 1, 8388608, 1, 1468, 112.5863441, 24, 9.26936275921282, 24, 192, 37, 50078, 5953, 48172, 5973, 8449191
0.005, 1, 8388608, 1, 1468, 116.8628955, 32, 9.29157399110684, 36, 296, 30, 44160, 5955, 48192, 5986, 8461017
0.005, 1, 8388608, 1, 1468, 117.950919, 33, 9.37377326586779, 34, 274, 35, 44210, 5957, 48212, 5984, 8462459
0.005, 1, 8388608, 1, 2048, 83.3990216, 20, 9.29947434843792, 21, 170, 24, 49248, 4272, 34598, 4291, 8447831
0.005, 1, 8388608, 1, 2048, 80.2980143, 20, 9.37622550546246, 20, 160, 22, 43102, 4270, 34578, 4288, 8447801
0.005, 1, 8388608, 1, 2048, 89.5681784, 26, 9.2754827250214, 27, 218, 26, 49268, 4270, 34578, 4293, 8460103
0.005, 1, 8388608, 1, 4096, 46.0035222, 13, 9.31871009661871, 13, 104, 15, 53320, 2138, 17354, 2148, 8451019
0.005, 1, 8388608, 1, 4096, 42.775183, 6, 9.4131205450086, 6, 48, 17, 69700, 2136, 17334, 2141, 8422319
0.005, 1, 8388608, 1, 4096, 39.6752491, 11, 9.31821435335137, 12, 98, 9, 36900, 2135, 17324, 2145, 8442809
0.005, 1, 8388608, 2, 512, 76.1589648, 0, 9.23499756221688, 91, 728, 90, 45934, 16596, 133443, 16685, 8457202
0.005, 1, 8388608, 2, 512, 78.1046911, 2, 9.24249022245808, 90, 726, 87, 44386, 16600, 133471, 16685, 8458214
0.005, 1, 8388608, 2, 512, 79.080032, 1, 9.25045796359579, 75, 600, 81, 41290, 16614, 133589, 16687, 8457728
0.005, 1, 8388608, 2, 1024, 40.1021621, 2, 9.21409169832865, 50, 400, 45, 45242, 8298, 66762, 8346, 8425001
0.005, 1, 8388608, 2, 1024, 39.1351442, 2, 9.25498789645174, 52, 422, 47, 48316, 8295, 66730, 8343, 8424971
0.005, 1, 8388608, 2, 1024, 40.128648, 1, 9.24139735507685, 47, 376, 37, 37018, 8299, 66768, 8344, 8423963
0.005, 1, 8388608, 2, 1468, 26.6695504, 0, 9.29840847632839, 25, 202, 31, 44170, 5797, 46660, 5819, 8412563
0.005, 1, 8388608, 2, 1468, 27.6353178, 1, 9.24966843532664, 29, 232, 26, 38272, 5794, 46638, 5822, 8414055
0.005, 1, 8388608, 2, 1468, 26.5517252, 0, 9.26723409121713, 36, 288, 22, 32384, 5785, 46564, 5820, 8412573
0.005, 1, 8388608, 2, 2048, 19.0466841, 0, 9.29822488310369, 21, 168, 14, 28728, 4153, 33450, 4172, 8405801
0.005, 1, 8388608, 2, 2048, 20.0871192, 1, 9.22613323976596, 22, 176, 19, 38988, 4153, 33450, 4174, 8407863
0.005, 1, 8388608, 2, 2048, 20.0532373, 2, 9.22704037899772, 19, 154, 25, 47216, 4157, 33480, 4172, 8409885
0.005, 1, 8388608, 2, 4096, 10.5634763, 0, 9.28124667782533, 9, 72, 6, 24600, 2081, 16800, 2089, 8397314
0.005, 1, 8388608, 2, 4096, 9.6049332, 0, 9.30160760347332, 18, 146, 10, 36910, 2070, 16708, 2085, 8397219
0.005, 1, 8388608, 2, 4096, 9.5559526, 0, 9.25917333612839, 6, 48, 13, 49210, 2082, 16806, 2086, 8397229
0.005, 1, 8388608, 4, 512, 37.9088001, 0, 9.15312958956772, 88, 706, 104, 53664, 16448, 131955, 16534, 8455692
0.005, 1, 8388608, 4, 512, 37.8079425, 1, 9.2095229524694, 72, 576, 64, 33024, 16465, 132093, 16536, 8456218
0.005, 1, 8388608, 4, 512, 37.6151954, 0, 9.15879116574716, 72, 582, 89, 45418, 16463, 132069, 16530, 8455652
0.005, 1, 8388608, 4, 1024, 18.8115388, 0, 9.18457762816468, 45, 360, 49, 50372, 8224, 66016, 8268, 8422185
0.005, 1, 8388608, 4, 1024, 18.886143, 0, 9.18200146406889, 50, 402, 43, 43186, 8219, 65974, 8266, 8422165
0.005, 1, 8388608, 4, 1024, 19.0719687, 0, 9.17923549811045, 24, 192, 47, 48316, 8246, 66194, 8269, 8422195
0.005, 1, 8388608, 4, 1468, 13.1546362, 0, 9.18193479232928, 33, 264, 31, 45632, 5735, 46058, 5767, 8412043
0.005, 1, 8388608, 4, 1468, 14.1786399, 0, 9.15856290465364, 31, 248, 24, 33921, 5738, 46084, 5768, 8412053
0.005, 1, 8388608, 4, 1468, 13.4728736, 0, 9.17548789941477, 26, 208, 40, 58880, 5744, 46134, 5769, 8412063
0.005, 1, 8388608, 4, 2048, 9.9736512, 0, 9.18318487301066, 26, 208, 28, 53372, 4112, 33050, 4135, 8405431
0.005, 1, 8388608, 4, 2048, 9.3847244, 0, 9.06681903224024, 27, 216, 22, 43102, 4109, 33022, 4134, 8405421
0.005, 1, 8388608, 4, 2048, 9.493458, 1, 9.12526632482941, 18, 144, 26, 53352, 4119, 33102, 4136, 8407483
0.005, 1, 8388608, 4, 4096, 4.6939328, 0, 9.06096491962671, 9, 72, 9, 36900, 2060, 16592, 2068, 8397049
0.005, 1, 8388608, 4, 4096, 4.9978485, 0, 9.28934741961329, 12, 96, 9, 36900, 2058, 16578, 2069, 8397059
0.005, 1, 8388608, 4, 4096, 4.7072523, 0, 9.15284139207668, 10, 80, 9, 36900, 2059, 16584, 2068, 8397049
0.005, 1, 8388608, 8, 512, 18.3273482, 3, 8.88673076406121, 91, 728, 83, 42828, 16371, 131187, 16461, 8456480
0.005, 1, 8388608, 8, 512, 18.7267194, 3, 8.94700585264866, 77, 616, 95, 48514, 16387, 131319, 16462, 8456490
0.005, 1, 8388608, 8, 512, 18.4183445, 3, 8.83662166782248, 78, 626, 75, 38700, 16384, 131289, 16460, 8456470
0.005, 1, 8388608, 8, 1024, 9.1384784, 0, 8.84389613888093, 41, 330, 46, 47288, 8190, 65666, 8229, 8421795
0.005, 1, 8388608, 8, 1024, 9.2196258, 2, 9.14836718907787, 42, 336, 34, 34952, 8191, 65676, 8232, 8423861
0.005, 1, 8388608, 8, 1024, 9.1471816, 0, 8.86330101639032, 38, 304, 44, 45232, 8193, 65692, 8230, 8421805
0.005, 1, 8388608, 8, 1468, 6.4305902, 1, 8.87731093913317, 24, 192, 37, 54464, 5719, 45878, 5742, 8413255
0.005, 1, 8388608, 8, 1468, 6.4030241, 1, 9.04994554817677, 28, 224, 26, 38272, 5715, 45846, 5742, 8413255
0.005, 1, 8388608, 8, 1468, 6.4094387, 0, 8.94035611301661, 23, 184, 26, 38272, 5719, 45878, 5741, 8411783
0.005, 1, 8388608, 8, 2048, 4.6346559, 0, 8.93769796718569, 20, 160, 29, 57466, 4097, 32888, 4115, 8405231
0.005, 1, 8388608, 8, 2048, 4.6023471, 2, 8.94011288662167, 33, 266, 19, 38988, 4086, 32798, 4117, 8409335
0.005, 1, 8388608, 8, 2048, 4.7096925, 0, 8.85206698957417, 20, 160, 25, 51300, 4097, 32888, 4116, 8405241
0.005, 1, 8388608, 8, 4096, 2.2986233, 1, 8.88118975692325, 9, 72, 4, 16400, 2052, 16510, 2060, 8401059
0.005, 1, 8388608, 8, 4096, 2.3322907, 0, 8.95080692134798, 12, 96, 13, 49210, 2048, 16478, 2058, 8396949
0.005, 1, 8388608, 8, 4096, 2.451014, 1, 8.98889617787467, 7, 56, 11, 45100, 2054, 16526, 2060, 8401059
0.005, 1, 8388608, 16, 512, 9.1515495, 1, 8.85484090799259, 90, 720, 76, 39216, 16334, 130820, 16423, 8455089
0.005, 1, 8388608, 16, 512, 9.1291621, 1, 8.91149649396539, 82, 656, 84, 43344, 16342, 130884, 16423, 8455089
0.005, 1, 8388608, 16, 512, 9.2094406, 3, 8.68829500137104, 72, 576, 84, 43344, 16354, 130980, 16425, 8456121
0.005, 1, 8388608, 16, 1024, 4.533714, 1, 8.69995054295834, 42, 336, 44, 45232, 8172, 65489, 8212, 8422644
0.005, 1, 8388608, 16, 1024, 4.6099508, 0, 8.7861571357482, 34, 272, 37, 38036, 8179, 65545, 8212, 8421626
0.005, 1, 8388608, 16, 1024, 4.5662512, 2, 8.89718144511183, 41, 328, 41, 42148, 8174, 65505, 8214, 8423682
0.005, 1, 8388608, 16, 1468, 3.1580257, 1, 8.80030185605089, 29, 232, 20, 29440, 5701, 45709, 5729, 8413126
0.005, 1, 8388608, 16, 1468, 3.1649005, 0, 8.9512641231219, 26, 208, 29, 42688, 5703, 45725, 5728, 8411654
0.005, 1, 8388608, 16, 1468, 3.2418932, 1, 8.70568468235433, 28, 224, 27, 39744, 5702, 45717, 5729, 8413126
0.005, 1, 8388608, 16, 2048, 2.3213842, 0, 8.95098348458608, 18, 144, 22, 45144, 4090, 32815, 4107, 8405152
0.005, 1, 8388608, 16, 2048, 3.3343277, 0, 8.78304122015834, 16, 128, 26, 51366, 4093, 32841, 4108, 8405162
0.005, 1, 8388608, 16, 2048, 2.2866743, 2, 8.96620212329758, 26, 208, 15, 30780, 4084, 32767, 4109, 8409256
0.005, 1, 8388608, 16, 4096, 1.1665968, 0, 10.1777124218643, 15, 120, 14, 57400, 2040, 16405, 2054, 8396910
0.005, 1, 8388608, 16, 4096, 1.1451279, 0, 8.88345786370337, 7, 56, 8, 32800, 2048, 16469, 2054, 8396910
0.005, 1, 8388608, 16, 4096, 1.225698, 0, 8.65179090760648, 8, 64, 11, 45100, 2047, 16461, 2054, 8396910
0.005, 1, 8388608, 32, 512, 5.0884467, 3, 9.38782948069274, 73, 584, 96, 49536, 16337, 130812, 16409, 8455961
0.005, 1, 8388608, 32, 512, 5.1087459, 7, 9.67258769087493, 79, 632, 80, 41280, 16335, 130796, 16413, 8458025
0.005, 1, 8388608, 32, 512, 5.0815037, 11, 10.7862796634436, 70, 560, 74, 38184, 16348, 130900, 16417, 8460089
0.005, 1, 8388608, 32, 1024, 2.6288806, 7, 9.58881657570601, 41, 328, 43, 44204, 8171, 65465, 8211, 8428742
0.005, 1, 8388608, 32, 1024, 2.6224167, 1, 10.244847740978, 36, 288, 42, 43176, 8170, 65457, 8205, 8422574
0.005, 1, 8388608, 32, 1024, 2.582605, 3, 9.00836586952209, 32, 256, 44, 45232, 8176, 65505, 8207, 8424630
0.005, 1, 8388608, 32, 1468, 1.8257452, 0, 9.09426262868302, 29, 232, 27, 39744, 5695, 45651, 5723, 8411604
0.005, 1, 8388608, 32, 1468, 1.8369498, 2, 8.95070377737284, 25, 200, 30, 44160, 5701, 45699, 5725, 8414548
0.005, 1, 8388608, 32, 1468, 1.8769711, 2, 10.0919332887445, 28, 224, 29, 42688, 5698, 45675, 5725, 8414548
0.005, 1, 8388608, 32, 2048, 1.342372, 2, 10.1529156789184, 17, 136, 21, 43092, 4089, 32799, 4105, 8409216
0.005, 1, 8388608, 32, 2048, 1.3762175, 4, 10.728850774467, 20, 160, 17, 34884, 4088, 32791, 4107, 8413320
0.005, 1, 8388608, 32, 2048, 1.3821874, 3, 12.121195346117, 25, 200, 18, 36936, 4082, 32743, 4106, 8411268
0.005, 1, 8388608, 32, 4096, 0.7293339, 1, 11.4934965968132, 11, 88, 10, 41000, 2043, 16425, 2053, 8400990
0.005, 1, 8388608, 32, 4096, 0.7316118, 1, 10.2828019298613, 5, 40, 11, 45100, 2049, 16473, 2053, 8400990
0.005, 1, 8388608, 32, 4096, 0.7472258, 1, 9.11160791292787, 10, 80, 14, 57400, 2044, 16433, 2053, 8400990
0.005, 3, 8388608, 1, 512, 683.8107185, 85, 9.34651198420553, 87, 700, 95, 47502, 17068, 137981, 17149, 8504852
0.005, 3, 8388608, 1, 512, 578.0254649, 79, 9.28635816196449, 83, 672, 66, 32538, 17045, 137751, 17120, 8501526
0.005, 3, 8388608, 1, 512, 647.8297046, 87, 9.32337298161454, 88, 706, 81, 40278, 17065, 137951, 17148, 8505854
0.005, 3, 8388608, 1, 1024, 283.1362603, 34, 9.29014559121842, 36, 292, 36, 35990, 8525, 68936, 8557, 8459687
0.005, 3, 8388608, 1, 1024, 289.3612678, 35, 9.33318929159426, 37, 300, 37, 37018, 8529, 68976, 8562, 8460755
0.005, 3, 8388608, 1, 1024, 367.6267937, 44, 9.33124248081252, 46, 372, 57, 54524, 8538, 69066, 8577, 8470067
0.005, 3, 8388608, 1, 1468, 200.2441174, 28, 9.33760633990491, 29, 234, 22, 30922, 5949, 48132, 5975, 8455059
0.005, 3, 8388608, 1, 1468, 212.301892, 26, 9.40815242135833, 26, 208, 28, 39754, 5950, 48142, 5974, 8452125
0.005, 3, 8388608, 1, 1468, 224.4454535, 26, 9.47178052818595, 28, 228, 36, 45682, 5954, 48182, 5974, 8452125
0.005, 3, 8388608, 1, 2048, 158.3359451, 23, 9.35480718848092, 24, 194, 18, 34894, 4269, 34568, 4290, 8453947
0.005, 3, 8388608, 1, 2048, 146.2501435, 12, 9.37257438578123, 12, 96, 27, 49278, 4265, 34528, 4273, 8431315
0.005, 3, 8388608, 1, 2048, 155.3908012, 20, 9.41822360429538, 22, 180, 19, 38988, 4268, 34558, 4287, 8447791
0.005, 3, 8388608, 1, 4096, 88.2586189, 13, 9.35168441604166, 13, 104, 11, 41010, 2137, 17344, 2148, 8451019
0.005, 3, 8388608, 1, 4096, 61.1494183, 6, 9.32715491702159, 6, 48, 8, 32800, 2132, 17294, 2137, 8422279
0.005, 3, 8388608, 1, 4096, 82.2577415, 12, 9.44526031099517, 12, 96, 9, 36900, 2138, 17354, 2149, 8446939
0.005, 3, 8388608, 2, 512, 81.880685, 3, 9.2095480825527, 84, 672, 96, 49030, 16605, 133513, 16687, 8458740
0.005, 3, 8388608, 2, 512, 76.0570428, 0, 9.24457720525208, 88, 710, 85, 42848, 16598, 133451, 16680, 8457152
0.005, 3, 8388608, 2, 512, 75.9516848, 0, 9.23430249726368, 85, 684, 75, 37688, 16601, 133477, 16681, 8457162
0.005, 3, 8388608, 2, 1024, 41.1303303, 1, 9.24293015177558, 51, 410, 54, 53476, 8295, 66734, 8342, 8423943
0.005, 3, 8388608, 2, 1024, 37.9920281, 0, 9.22844078417661, 47, 380, 38, 36010, 8297, 66746, 8338, 8422885
0.005, 3, 8388608, 2, 1024, 41.0706102, 2, 9.25791711621993, 41, 330, 45, 45242, 8306, 66822, 8344, 8424981
0.005, 3, 8388608, 2, 1468, 32.5082228, 2, 9.26813703207743, 32, 256, 29, 41226, 5793, 46632, 5823, 8415527
0.005, 3, 8388608, 2, 1468, 29.532275, 2, 9.23595394795904, 35, 280, 28, 41216, 5789, 46598, 5822, 8415517
0.005, 3, 8388608, 2, 1468, 26.6363186, 0, 9.25537968253337, 31, 250, 36, 52992, 5790, 46602, 5819, 8412563
0.005, 3, 8388608, 2, 2048, 21.9839128, 2, 9.21250080068906, 16, 128, 20, 41040, 4160, 33506, 4175, 8409915
0.005, 3, 8388608, 2, 2048, 22.1278689, 1, 9.2706315840284, 27, 216, 29, 59508, 4148, 33410, 4174, 8407863
0.005, 3, 8388608, 2, 2048, 22.0006275, 0, 9.22203375647465, 25, 200, 18, 36936, 4150, 33426, 4174, 8405876
0.005, 3, 8388608, 2, 4096, 9.5385643, 0, 9.25512161307238, 8, 64, 9, 36900, 2080, 16790, 2087, 8397239
0.005, 3, 8388608, 2, 4096, 9.5231883, 0, 9.20415168779122, 9, 72, 10, 41000, 2079, 16782, 2087, 8397239
0.005, 3, 8388608, 2, 4096, 9.5482733, 0, 9.22179290068311, 13, 104, 10, 41000, 2075, 16750, 2087, 8397239
0.005, 3, 8388608, 4, 512, 37.7779685, 0, 9.18737299287239, 75, 600, 79, 40764, 16460, 132051, 16534, 8455692
0.005, 3, 8388608, 4, 512, 37.7315713, 1, 9.19296868043403, 84, 676, 94, 48504, 16452, 131983, 16533, 8456188
0.005, 3, 8388608, 4, 512, 38.5670274, 0, 9.20556531293897, 79, 632, 92, 47472, 16459, 132049, 16537, 8455722
0.005, 3, 8388608, 4, 1024, 18.8947168, 0, 9.20269522513892, 41, 328, 40, 41120, 8228, 66048, 8268, 8422185
0.005, 3, 8388608, 4, 1024, 18.9139906, 0, 9.13838010077199, 40, 320, 44, 44214, 8229, 66056, 8267, 8422175
0.005, 3, 8388608, 4, 1024, 18.8647022, 0, 9.18921786169075, 40, 322, 46, 47288, 8229, 66054, 8267, 8422175
0.005, 3, 8388608, 4, 1468, 13.1127603, 0, 9.1051632794095, 27, 216, 30, 44160, 5741, 46106, 5767, 8412043
0.005, 3, 8388608, 4, 1468, 13.1577685, 0, 9.10674015060067, 24, 194, 39, 57408, 5744, 46128, 5766, 8412033
0.005, 3, 8388608, 4, 1468, 13.1766783, 0, 9.2133642360568, 44, 352, 32, 45642, 5724, 45970, 5766, 8412033
0.005, 3, 8388608, 4, 2048, 9.3869865, 0, 9.14257226718797, 19, 152, 16, 32832, 4116, 33076, 4134, 8405421
0.005, 3, 8388608, 4, 2048, 9.375383, 0, 9.14138425141573, 32, 258, 20, 38998, 4104, 32980, 4133, 8405411
0.005, 3, 8388608, 4, 2048, 9.5202363, 0, 9.26307749909324, 20, 160, 17, 34884, 4116, 33078, 4135, 8405431
0.005, 3, 8388608, 4, 4096, 4.7291013, 0, 9.23026917088363, 11, 88, 6, 24600, 2058, 16576, 2068, 8397049
0.005, 3, 8388608, 4, 4096, 4.6992035, 0, 9.17001223812501, 11, 88, 8, 32800, 2058, 16576, 2068, 8397049
0.005, 3, 8388608, 4, 4096, 4.706601, 0, 9.00243755636944, 10, 80, 14, 57400, 2059, 16584, 2068, 8397049
0.005, 3, 8388608, 8, 512, 18.650863, 0, 8.86413831365843, 82, 656, 79, 40764, 16378, 131245, 16459, 8454942
0.005, 3, 8388608, 8, 512, 19.1041055, 0, 8.91647158140266, 92, 738, 91, 46956, 16370, 131183, 16460, 8454952
0.005, 3, 8388608, 8, 512, 18.6500095, 0, 8.85321675903267, 69, 554, 83, 42828, 16391, 131347, 16458, 8454932
0.005, 3, 8388608, 8, 1024, 9.1807665, 2, 8.86378841740745, 49, 392, 51, 51410, 8184, 65620, 8231, 8423851
0.005, 3, 8388608, 8, 1024, 9.9499165, 1, 8.9018676095666, 39, 312, 58, 59624, 8196, 65722, 8234, 8422863
0.005, 3, 8388608, 8, 1024, 9.1684992, 0, 8.94860455041958, 45, 360, 38, 39064, 8186, 65636, 8230, 8421805
0.005, 3, 8388608, 8, 1468, 6.769982, 1, 8.89174496898284, 30, 240, 27, 39744, 5714, 45840, 5743, 8413265
0.005, 3, 8388608, 8, 1468, 9.336332, 0, 8.88123854994774, 39, 312, 23, 33856, 5703, 45750, 5741, 8411783
0.005, 3, 8388608, 8, 1468, 6.3895959, 0, 8.88733871281147, 21, 168, 33, 48576, 5721, 45894, 5741, 8411783
0.005, 3, 8388608, 8, 2048, 4.6124547, 1, 8.981437008414, 17, 136, 22, 45144, 4101, 32920, 4117, 8407293
0.005, 3, 8388608, 8, 2048, 4.5886612, 1, 8.86160190052846, 23, 184, 20, 38998, 4095, 32872, 4116, 8407283
0.005, 3, 8388608, 8, 2048, 4.5907539, 2, 8.86165718030598, 20, 160, 21, 43092, 4099, 32904, 4118, 8409345
0.005, 3, 8388608, 8, 4096, 2.3167868, 0, 8.80415841109223, 11, 88, 13, 53300, 2049, 16486, 2059, 8396959
0.005, 3, 8388608, 8, 4096, 2.328347, 0, 8.9218450917138, 15, 120, 17, 69700, 2045, 16454, 2059, 8396959
0.005, 3, 8388608, 8, 4096, 2.338844, 1, 8.86063008672661, 10, 80, 10, 41000, 2051, 16502, 2060, 8401059
0.005, 3, 8388608, 16, 512, 10.6520341, 0, 8.77367844805121, 86, 688, 81, 41796, 16337, 130844, 16422, 8454573
0.005, 3, 8388608, 16, 512, 9.0275221, 2, 8.82580733912833, 80, 640, 81, 41290, 16344, 130898, 16422, 8455585
0.005, 3, 8388608, 16, 512, 10.5860716, 0, 8.88830226742559, 70, 560, 82, 42312, 16353, 130972, 16422, 8454573
0.005, 3, 8388608, 16, 1024, 4.7266189, 1, 8.75525439486784, 31, 248, 36, 35990, 8183, 65577, 8212, 8422644
0.005, 3, 8388608, 16, 1024, 4.7476869, 4, 8.88992701139715, 32, 256, 48, 49344, 8185, 65593, 8216, 8425738
0.005, 3, 8388608, 16, 1024, 4.7345151, 0, 8.74677347019315, 33, 264, 40, 41120, 8180, 65553, 8212, 8421626
0.005, 3, 8388608, 16, 1468, 3.176209, 0, 8.65651082924821, 28, 226, 28, 41216, 5701, 45707, 5727, 8411644
0.005, 3, 8388608, 16, 1468, 5.9600702, 0, 8.83383884166296, 24, 192, 26, 38272, 5706, 45751, 5729, 8411664
0.005, 3, 8388608, 16, 1468, 3.1679726, 0, 8.917185322692, 28, 224, 31, 45632, 5701, 45709, 5728, 8411654
0.005, 3, 8388608, 16, 2048, 2.2993609, 2, 8.87566246092319, 17, 136, 23, 47196, 4093, 32839, 4109, 8409256
0.005, 3, 8388608, 16, 2048, 2.2815994, 0, 8.944614066018, 26, 208, 23, 47196, 4082, 32751, 4107, 8405152
0.005, 3, 8388608, 16, 2048, 2.3037686, 1, 8.79364274442196, 18, 144, 23, 47196, 4091, 32823, 4108, 8407204
0.005, 3, 8388608, 16, 4096, 1.1637421, 0, 9.11362771876156, 8, 64, 9, 36900, 2047, 16461, 2054, 8396910
0.005, 3, 8388608, 16, 4096, 1.1538918, 0, 8.69840104132891, 9, 72, 10, 41000, 2046, 16453, 2054, 8396910
0.005, 3, 8388608, 16, 4096, 4.1926294, 0, 8.73926049098372, 13, 104, 10, 41000, 2042, 16421, 2054, 8396910
0.005, 3, 8388608, 32, 512, 6.8107785, 0, 9.72397951409221, 84, 672, 82, 42312, 16323, 130700, 16406, 8454413
0.005, 3, 8388608, 32, 512, 5.0788771, 5, 9.95770175941288, 79, 632, 84, 43344, 16333, 130780, 16411, 8456993
0.005, 3, 8388608, 32, 512, 5.0915099, 4, 9.15000708773732, 81, 648, 73, 37668, 16330, 130756, 16410, 8456477
0.005, 3, 8388608, 32, 1024, 5.4577741, 4, 9.31315818293528, 36, 288, 38, 39064, 8174, 65491, 8209, 8425668
0.005, 3, 8388608, 32, 1024, 2.5707326, 6, 8.73008957132697, 40, 320, 39, 40092, 8171, 65465, 8210, 8427714
0.005, 3, 8388608, 32, 1024, 2.5873067, 4, 8.92324885353446, 45, 360, 48, 49344, 8164, 65409, 8208, 8425658
0.005, 3, 8388608, 32, 1468, 1.8125284, 1, 10.0640047873769, 26, 208, 19, 27968, 5699, 45683, 5724, 8413076
0.005, 3, 8388608, 32, 1468, 1.8218775, 4, 9.26158643726792, 22, 176, 28, 41216, 5706, 45739, 5727, 8417492
0.005, 3, 8388608, 32, 1468, 1.8221091, 4, 10.6386948110802, 31, 248, 23, 33856, 5697, 45667, 5727, 8417492
0.005, 3, 8388608, 32, 2048, 3.9235615, 2, 9.51215047389269, 20, 160, 21, 43092, 4086, 32775, 4105, 8409216
0.005, 3, 8388608, 32, 2048, 1.3203941, 3, 9.65662598609924, 20, 160, 11, 22572, 4087, 32783, 4106, 8411268
0.005, 3, 8388608, 32, 2048, 1.351442, 1, 10.6878159567714, 25, 200, 23, 47196, 4080, 32727, 4104, 8407164
0.005, 3, 8388608, 32, 4096, 0.7207341, 0, 9.63571202009916, 14, 112, 10, 41000, 2039, 16393, 2052, 8396890
0.005, 3, 8388608, 32, 4096, 0.7269761, 1, 12.4089140444994, 14, 112, 4, 16400, 2040, 16401, 2053, 8400990
0.005, 3, 8388608, 32, 4096, 0.731028, 1, 8.91970144584775, 10, 80, 11, 45100, 2044, 16433, 2053, 8400990
0.01, 1, 8388608, 1, 512, 509.283669, 166, 9.2758326173639, 174, 1408, 188, 92960, 17149, 138791, 17306, 8547408
0.01, 1, 8388608, 1, 512, 503.0221884, 159, 9.323314434175, 170, 1382, 188, 93466, 17147, 138771, 17297, 8543776
0.01, 1, 8388608, 1, 512, 489.5614614, 156, 9.32497136924046, 161, 1298, 181, 88336, 17143, 138731, 17288, 8542168
0.01, 1, 8388608, 1, 1024, 264.0277081, 90, 9.29760475042361, 94, 760, 95, 94606, 8581, 69496, 8667, 8517795
0.01, 1, 8388608, 1, 1024, 257.9007797, 83, 9.29890858760367, 85, 684, 95, 95624, 8579, 69476, 8659, 8510589
0.01, 1, 8388608, 1, 1024, 241.3005914, 76, 9.36824636778138, 84, 688, 89, 86402, 8566, 69346, 8636, 8503233
0.01, 1, 8388608, 1, 1468, 168.7980771, 58, 9.37396401589021, 59, 474, 55, 79498, 5981, 48452, 6037, 8499539
0.01, 1, 8388608, 1, 1468, 151.1493842, 53, 9.30831055302406, 55, 444, 44, 61844, 5975, 48392, 6025, 8492109
0.01, 1, 8388608, 1, 1468, 196.7084572, 70, 9.30261661928585, 73, 590, 71, 101588, 5991, 48552, 6058, 8517293
0.01, 1, 8388608, 1, 2048, 131.0801687, 40, 9.3427291777181, 40, 320, 52, 102620, 4291, 34788, 4328, 8489041
0.01, 1, 8388608, 1, 2048, 111.4300965, 37, 9.35060377386245, 40, 326, 36, 69788, 4283, 34708, 4317, 8482805
0.01, 1, 8388608, 1, 2048, 121.8041047, 33, 9.38071647229103, 35, 284, 50, 98516, 4283, 34708, 4313, 8474597
0.01, 1, 8388608, 1, 4096, 68.7499784, 21, 9.42016299813986, 22, 178, 27, 110700, 2150, 17474, 2170, 8483959
0.01, 1, 8388608, 1, 4096, 63.582075, 23, 9.37866271694296, 23, 184, 21, 82010, 2149, 17464, 2170, 8492139
0.01, 1, 8388608, 1, 4096, 61.495065, 26, 9.34132925605261, 27, 218, 17, 61520, 2146, 17434, 2169, 8504399
0.01, 1, 8388608, 2, 512, 84.4605009, 8, 9.22972690874717, 162, 1306, 166, 84644, 16539, 132989, 16693, 8461330
0.01, 1, 8388608, 2, 512, 81.6526898, 4, 9.22229966148734, 163, 1304, 151, 74880, 16534, 132959, 16690, 8459276
0.01, 1, 8388608, 2, 512, 86.4407217, 8, 9.23397847175895, 162, 1304, 152, 77420, 16540, 133001, 16695, 8461350
0.01, 1, 8388608, 2, 1024, 40.8797884, 1, 9.25060801380715, 80, 644, 74, 75054, 8270, 66540, 8346, 8423983
0.01, 1, 8388608, 2, 1024, 39.4668496, 1, 9.27951155638654, 94, 760, 81, 82250, 8253, 66394, 8341, 8423933
0.01, 1, 8388608, 2, 1024, 42.7453238, 4, 9.23982579631127, 74, 592, 82, 80224, 8280, 66626, 8349, 8427067
0.01, 1, 8388608, 2, 1468, 27.7968494, 1, 9.21549423805718, 58, 464, 58, 82452, 5765, 46406, 5820, 8414035
0.01, 1, 8388608, 2, 1468, 27.7768249, 1, 9.28509491495788, 67, 536, 61, 88330, 5756, 46334, 5821, 8414045
0.01, 1, 8388608, 2, 1468, 30.5722594, 4, 9.28300058540816, 70, 564, 54, 76564, 5759, 46360, 5824, 8418461
0.01, 1, 8388608, 2, 2048, 20.145343, 0, 9.27674483407188, 30, 242, 36, 71824, 4144, 33376, 4172, 8405801
0.01, 1, 8388608, 2, 2048, 22.3989256, 3, 9.23994412694715, 45, 360, 54, 110808, 4133, 33292, 4177, 8411977
0.01, 1, 8388608, 2, 2048, 26.4907029, 8, 9.25459354919822, 41, 330, 56, 110828, 4145, 33392, 4182, 8422237
0.01, 1, 8388608, 2, 4096, 10.6222454, 1, 9.19638322414579, 20, 160, 18, 73800, 2069, 16702, 2088, 8401339
0.01, 1, 8388608, 2, 4096, 11.741692, 2, 9.24344900015153, 17, 136, 27, 102575, 2075, 16754, 2090, 8405449
0.01, 1, 8388608, 2, 4096, 10.6314114, 0, 9.22664111429775, 19, 154, 16, 65600, 2070, 16710, 2087, 8397239
0.01, 1, 8388608, 4, 512, 38.4717963, 0, 9.17748120064809, 160, 1280, 152, 75902, 16378, 131401, 16532, 8455672
0.01, 1, 8388608, 4, 512, 38.5417742, 0, 9.14984477071354, 164, 1312, 170, 86708, 16374, 131369, 16535, 8455702
0.01, 1, 8388608, 4, 512, 38.4828455, 0, 9.16017323182333, 163, 1304, 179, 91352, 16375, 131377, 16535, 8455702
0.01, 1, 8388608, 4, 1024, 19.2867793, 0, 9.19511726658259, 74, 596, 86, 85354, 8196, 65790, 8264, 8422145
0.01, 1, 8388608, 4, 1024, 18.9805485, 0, 9.18040481995638, 86, 688, 85, 86362, 8183, 65688, 8267, 8422175
0.01, 1, 8388608, 4, 1024, 19.701949, 0, 9.12606869334061, 88, 706, 85, 87380, 8184, 65700, 8270, 8422205
0.01, 1, 8388608, 4, 1468, 14.0336836, 0, 9.16373244343469, 59, 472, 52, 75082, 5711, 45870, 5768, 8412053
0.01, 1, 8388608, 4, 1468, 14.2848925, 1, 9.19402963569704, 51, 408, 46, 67712, 5721, 45950, 5771, 8413600
0.01, 1, 8388608, 4, 1468, 13.2998386, 0, 9.23943097757943, 53, 426, 61, 89792, 5716, 45906, 5767, 8412043
0.01, 1, 8388608, 4, 2048, 10.2801063, 0, 9.1757666415129, 44, 352, 59, 119026, 4095, 32916, 4137, 8405451
0.01, 1, 8388608, 4, 2048, 9.7148738, 0, 9.15178242384603, 42, 336, 38, 77976, 4095, 32912, 4136, 8405441
0.01, 1, 8388608, 4, 2048, 9.9541105, 0, 9.13043282422665, 31, 250, 37, 73882, 4107, 33008, 4135, 8405431
0.01, 1, 8388608, 4, 4096, 4.7402421, 0, 9.06110620673965, 22, 176, 20, 77910, 2047, 16488, 2067, 8397039
0.01, 1, 8388608, 4, 4096, 4.7585151, 0, 9.13597400196724, 24, 192, 17, 69700, 2045, 16472, 2068, 8397049
0.01, 1, 8388608, 4, 4096, 4.7742994, 0, 9.07103273579303, 24, 194, 28, 114800, 2045, 16470, 2067, 8397039
0.01, 1, 8388608, 8, 512, 18.6746036, 0, 8.86298484531128, 161, 1290, 154, 79464, 16299, 130611, 16458, 8454932
0.01, 1, 8388608, 8, 512, 18.4292447, 0, 8.88633720157012, 149, 1194, 153, 78948, 16310, 130697, 16457, 8454922
0.01, 1, 8388608, 8, 512, 18.8301548, 0, 8.89756399634722, 167, 1336, 166, 85656, 16294, 130575, 16460, 8454952
0.01, 1, 8388608, 8, 1024, 9.3314313, 2, 8.90082951102938, 80, 642, 73, 75044, 8153, 65370, 8231, 8423851
0.01, 1, 8388608, 8, 1024, 9.3927394, 1, 8.9214503815448, 82, 656, 89, 91492, 8151, 65358, 8232, 8422843
0.01, 1, 8388608, 8, 1024, 9.219921, 0, 8.91442796111935, 80, 640, 78, 80184, 8151, 65356, 8230, 8421805
0.01, 1, 8388608, 8, 1468, 6.5751038, 0, 8.86170689016581, 58, 464, 56, 82432, 5685, 45608, 5741, 8411783
0.01, 1, 8388608, 8, 1468, 6.450942, 0, 8.96351292729378, 58, 464, 44, 64768, 5684, 45598, 5741, 8411783
0.01, 1, 8388608, 8, 1468, 6.5717907, 1, 8.86924777179956, 54, 432, 52, 76544, 5690, 45648, 5742, 8413255
0.01, 1, 8388608, 8, 2048, 4.8726942, 1, 8.91463801656899, 40, 320, 39, 80028, 4079, 32746, 4118, 8407303
0.01, 1, 8388608, 8, 2048, 5.0062314, 0, 9.01175706990455, 35, 280, 33, 67716, 4083, 32778, 4117, 8405251
0.01, 1, 8388608, 8, 2048, 4.6283106, 0, 9.03167104762461, 45, 360, 36, 73872, 4072, 32688, 4116, 8405241
0.01, 1, 8388608, 8, 4096, 2.3304174, 0, 9.04740672558546, 23, 184, 23, 94300, 2037, 16390, 2059, 8396959
0.01, 1, 8388608, 8, 4096, 2.7090127, 0, 8.91572754416201, 23, 184, 26, 106600, 2037, 16390, 2059, 8396959
0.01, 1, 8388608, 8, 4096, 2.3606738, 1, 8.89334199018776, 24, 194, 29, 118900, 2037, 16388, 2059, 8401049
0.01, 1, 8388608, 16, 512, 9.3479333, 2, 8.65288158982164, 167, 1338, 150, 77400, 16259, 130220, 16424, 8455605
0.01, 1, 8388608, 16, 512, 10.3637688, 0, 8.74173098376819, 160, 1282, 171, 87730, 16264, 130260, 16421, 8454563
0.01, 1, 8388608, 16, 512, 9.4563631, 3, 9.19174822047353, 172, 1376, 178, 91342, 16255, 130190, 16425, 8456121
0.01, 1, 8388608, 16, 1024, 4.5731645, 1, 8.83684088202084, 98, 786, 67, 68876, 8116, 65039, 8212, 8422644
0.01, 1, 8388608, 16, 1024, 5.5986468, 0, 8.84475441355454, 85, 680, 77, 79156, 8129, 65147, 8213, 8421636
0.01, 1, 8388608, 16, 1024, 4.7116361, 1, 8.78377198515569, 82, 656, 81, 82250, 8132, 65169, 8212, 8422644
0.01, 1, 8388608, 16, 1468, 3.3317367, 0, 8.66095943806263, 47, 376, 62, 91264, 5683, 45567, 5729, 8411664
0.01, 1, 8388608, 16, 1468, 3.3577925, 0, 9.30898201962312, 56, 448, 64, 92746, 5674, 45495, 5728, 8411654
0.01, 1, 8388608, 16, 1468, 4.1217861, 2, 9.07971050279836, 67, 536, 59, 86848, 5665, 45423, 5730, 8414598
0.01, 1, 8388608, 16, 2048, 2.3963356, 1, 8.73450376093388, 39, 312, 44, 90288, 4070, 32655, 4108, 8407204
0.01, 1, 8388608, 16, 2048, 2.3100632, 1, 8.95907988564836, 40, 320, 42, 86184, 4069, 32647, 4108, 8407204
0.01, 1, 8388608, 16, 2048, 2.6217777, 0, 8.78332327637408, 40, 320, 35, 71820, 4068, 32639, 4107, 8405152
0.01, 1, 8388608, 16, 4096, 1.1730324, 1, 8.6368415504694, 16, 128, 18, 73800, 2040, 16405, 2055, 8401010
0.01, 1, 8388608, 16, 4096, 1.1958571, 0, 10.0841438397765, 17, 136, 25, 102500, 2038, 16389, 2054, 8396910
0.01, 1, 8388608, 16, 4096, 1.3836674, 1, 9.54413111321628, 25, 200, 20, 82000, 2031, 16333, 2055, 8401010
0.01, 1, 8388608, 32, 512, 6.3106585, 2, 9.95870613093887, 169, 1352, 147, 75852, 16241, 130046, 16409, 8455455
0.01, 1, 8388608, 32, 512, 5.5199797, 3, 10.8111331239343, 157, 1256, 188, 96502, 16255, 130160, 16409, 8455961
0.01, 1, 8388608, 32, 512, 6.5175896, 11, 9.73295952592577, 176, 1410, 161, 83076, 16244, 130070, 16418, 8460099
0.01, 1, 8388608, 32, 1024, 3.4506243, 7, 9.3341157771647, 68, 546, 97, 99716, 8145, 65257, 8211, 8428742
0.01, 1, 8388608, 32, 1024, 2.7186983, 1, 9.76535771042109, 84, 672, 74, 76072, 8122, 65073, 8205, 8422574
0.01, 1, 8388608, 32, 1024, 2.7873174, 4, 9.2549513686787, 74, 592, 87, 89436, 8136, 65187, 8209, 8425668
0.01, 1, 8388608, 32, 1468, 1.8474517, 2, 9.85302922448942, 56, 448, 36, 52992, 5670, 45451, 5725, 8414548
0.01, 1, 8388608, 32, 1468, 1.9824895, 2, 10.8650437157069, 55, 440, 68, 100096, 5671, 45459, 5725, 8414548
0.01, 1, 8388608, 32, 1468, 1.8930181, 2, 10.4145128279924, 62, 496, 48, 70656, 5664, 45403, 5725, 8414548
0.01, 1, 8388608, 32, 2048, 1.3916976, 2, 9.65607762336731, 55, 440, 35, 71820, 4051, 32495, 4105, 8409216
0.01, 1, 8388608, 32, 2048, 2.2030746, 4, 9.00968331843615, 39, 312, 41, 84132, 4069, 32639, 4107, 8413320
0.01, 1, 8388608, 32, 2048, 1.4340516, 2, 10.3278459981084, 36, 288, 39, 80028, 4070, 32647, 4105, 8409216
0.01, 1, 8388608, 32, 4096, 0.7266902, 2, 9.96309472247958, 16, 128, 13, 53300, 2039, 16393, 2054, 8405090
0.01, 1, 8388608, 32, 4096, 0.754111, 2, 12.5241493806243, 27, 216, 27, 110700, 2029, 16315, 2054, 8405090
0.01, 1, 8388608, 32, 4096, 1.5958433, 0, 12.4773529047767, 14, 112, 25, 102500, 2040, 16403, 2053, 8396900
0.01, 3, 8388608, 1, 512, 1159.9889772, 172, 9.45548139896387, 180, 1456, 170, 84178, 17151, 138811, 17315, 8550534
0.01, 3, 8388608, 1, 512, 1081.5691645, 152, 9.39379227239082, 163, 1326, 163, 81072, 17122, 138521, 17267, 8539934
0.01, 3, 8388608, 1, 512, 1102.834202, 165, 9.42119011120034, 174, 1410, 159, 77996, 17136, 138661, 17292, 8546762
0.01, 3, 8388608, 1, 1024, 563.5493241, 85, 9.40073637281775, 91, 740, 81, 79196, 8571, 69396, 8651, 8512545
0.01, 3, 8388608, 1, 1024, 518.35112, 62, 9.41781385690799, 65, 526, 87, 87400, 8558, 69266, 8617, 8488791
0.01, 3, 8388608, 1, 1024, 530.4594237, 85, 9.44464052901477, 92, 750, 67, 67858, 8566, 69346, 8649, 8512525
0.01, 3, 8388608, 1, 1468, 387.1543199, 67, 9.54530580025731, 70, 566, 47, 64798, 5984, 48482, 6047, 8512797
0.01, 3, 8388608, 1, 1468, 390.2010101, 57, 9.54744852437028, 58, 466, 61, 81020, 5984, 48482, 6034, 8498047
0.01, 3, 8388608, 1, 1468, 432.2973686, 69, 9.49757908948798, 70, 562, 58, 83914, 5985, 48492, 6052, 8515771
0.01, 3, 8388608, 1, 2048, 257.76735, 44, 9.39638967046866, 47, 382, 29, 59508, 4285, 34728, 4327, 8497199
0.01, 3, 8388608, 1, 2048, 245.7320818, 30, 9.53948090711002, 33, 270, 41, 80048, 4280, 34678, 4306, 8468401
0.01, 3, 8388608, 1, 2048, 360.3749363, 57, 9.72905159090655, 62, 506, 54, 102640, 4301, 34888, 4353, 8524005
0.01, 3, 8388608, 1, 4096, 112.3615226, 15, 9.4939344148669, 15, 120, 16, 65600, 2141, 17384, 2155, 8459269
0.01, 3, 8388608, 1, 4096, 121.4095598, 19, 9.56584625812464, 21, 172, 17, 61520, 2139, 17364, 2155, 8475629
0.01, 3, 8388608, 1, 4096, 142.5004341, 23, 9.47797545132802, 25, 204, 18, 69765, 2145, 17424, 2167, 8492109
0.01, 3, 8388608, 2, 512, 85.1463517, 2, 9.20958919481789, 171, 1372, 157, 78988, 16523, 132865, 16687, 8458234
0.01, 3, 8388608, 2, 512, 115.4110178, 16, 9.22478517936088, 146, 1172, 200, 102188, 16568, 133237, 16709, 8465538
0.01, 3, 8388608, 2, 512, 88.6446164, 5, 9.22492957895117, 185, 1484, 160, 81548, 16510, 132757, 16690, 8459782
0.01, 3, 8388608, 2, 1024, 50.0868024, 5, 9.25254466633002, 73, 588, 82, 83278, 8280, 66618, 8349, 8428085
0.01, 3, 8388608, 2, 1024, 41.3050075, 1, 9.21963924402688, 81, 650, 76, 76092, 8265, 66494, 8342, 8423943
0.01, 3, 8388608, 2, 1024, 53.394943, 6, 9.24155288160044, 84, 672, 80, 81222, 8269, 66532, 8351, 8429123
0.01, 3, 8388608, 2, 1468, 35.7336315, 6, 9.21047714909593, 59, 474, 52, 75082, 5769, 46436, 5825, 8421395
0.01, 3, 8388608, 2, 1468, 38.1280878, 4, 9.21914267863305, 62, 498, 63, 89812, 5768, 46436, 5826, 8418481
0.01, 3, 8388608, 2, 1468, 32.6840769, 1, 9.20008767682772, 47, 378, 57, 83904, 5776, 46492, 5821, 8414045
0.01, 3, 8388608, 2, 2048, 22.1690834, 0, 9.25506900593236, 33, 266, 49, 98506, 4142, 33362, 4172, 8405801
0.01, 3, 8388608, 2, 2048, 22.1562296, 0, 9.22594216962655, 38, 306, 43, 88236, 4137, 33322, 4173, 8405811
0.01, 3, 8388608, 2, 2048, 27.883397, 2, 9.28533199782434, 41, 328, 36, 71830, 4137, 33326, 4176, 8409925
0.01, 3, 8388608, 2, 4096, 15.7137055, 2, 9.25054337437216, 22, 176, 26, 102510, 2070, 16714, 2090, 8405449
0.01, 3, 8388608, 2, 4096, 9.6254896, 0, 9.25468425783846, 29, 234, 18, 73800, 2059, 16620, 2086, 8397229
0.01, 3, 8388608, 2, 4096, 9.6456195, 0, 9.22960014496413, 26, 210, 23, 94300, 2062, 16644, 2086, 8397229
0.01, 3, 8388608, 4, 512, 39.5152014, 0, 9.21676100347362, 154, 1232, 156, 79484, 16388, 131489, 16539, 8455742
0.01, 3, 8388608, 4, 512, 40.4034596, 0, 9.22570038320763, 166, 1330, 184, 93426, 16379, 131421, 16540, 8455752
0.01, 3, 8388608, 4, 512, 38.776389, 0, 9.17160653819641, 174, 1394, 183, 93922, 16365, 131297, 16536, 8455712
0.01, 3, 8388608, 4, 1024, 19.846388, 0, 9.17345905894196, 82, 658, 101, 103828, 8191, 65758, 8271, 8422215
0.01, 3, 8388608, 4, 1024, 20.5978492, 0, 9.21300656627864, 76, 608, 97, 99716, 8199, 65828, 8274, 8422245
0.01, 3, 8388608, 4, 1024, 21.5700212, 0, 9.1662806743342, 78, 628, 90, 91502, 8192, 65758, 8266, 8422165
0.01, 3, 8388608, 4, 1468, 13.2824308, 0, 9.11547386144497, 52, 420, 56, 80970, 5717, 45912, 5765, 8412023
0.01, 3, 8388608, 4, 1468, 17.0388948, 0, 9.17333378033204, 49, 394, 57, 80980, 5726, 45998, 5771, 8412083
0.01, 3, 8388608, 4, 1468, 13.253809, 0, 9.18075277963105, 55, 442, 54, 79488, 5714, 45890, 5767, 8412043
0.01, 3, 8388608, 4, 2048, 10.2502905, 0, 9.14968939450307, 46, 370, 40, 82080, 4093, 32898, 4137, 8405451
0.01, 3, 8388608, 4, 2048, 9.4926755, 0, 9.18413185115372, 50, 404, 37, 75924, 4086, 32834, 4133, 8405411
0.01, 3, 8388608, 4, 2048, 10.2646999, 1, 9.15587181225419, 35, 280, 46, 90308, 4105, 32996, 4137, 8407493
0.01, 3, 8388608, 4, 4096, 4.7266007, 0, 9.24390166377028, 22, 176, 18, 73800, 2047, 16488, 2068, 8397049
0.01, 3, 8388608, 4, 4096, 4.7541608, 0, 9.0227040151755, 23, 184, 21, 86100, 2046, 16480, 2068, 8397049
0.01, 3, 8388608, 4, 4096, 4.7553197, 0, 9.18957125395536, 25, 200, 26, 102510, 2044, 16464, 2067, 8397039
0.01, 3, 8388608, 8, 512, 19.204761, 0, 8.90350282295711, 158, 1264, 161, 81558, 16304, 130657, 16458, 8454932
0.01, 3, 8388608, 8, 512, 18.7940312, 1, 8.86071828836706, 153, 1228, 171, 87730, 16309, 130691, 16458, 8455438
0.01, 3, 8388608, 8, 512, 19.1682154, 1, 8.95443421511634, 136, 1088, 150, 76894, 16327, 130841, 16461, 8455468
0.01, 3, 8388608, 8, 1024, 9.1921158, 3, 8.89467310884761, 81, 648, 73, 75044, 8153, 65372, 8233, 8424889
0.01, 3, 8388608, 8, 1024, 10.0023974, 0, 8.83926866719356, 90, 720, 90, 92520, 8144, 65306, 8233, 8421835
0.01, 3, 8388608, 8, 1024, 9.989978, 0, 8.86689050515231, 93, 746, 90, 92520, 8141, 65280, 8232, 8421825
0.01, 3, 8388608, 8, 1468, 7.4967065, 1, 8.84843725137986, 59, 472, 66, 97152, 5685, 45608, 5743, 8413265
