0, 1, 8388608, 1, 512, 279.5957654, 0, 16.9511449252365, 0, 0, 0, 0, 16387, 65627, 16386, 8454212
0, 1, 8388608, 1, 512, 279.3313963, 0, 16.9383204943546, 0, 0, 0, 0, 16387, 65627, 16386, 8454212
0, 1, 8388608, 1, 1024, 139.7319009, 0, 16.9438638471866, 0, 0, 0, 0, 8195, 32860, 8194, 8421445
0, 1, 8388608, 1, 1024, 139.8059223, 0, 16.9524555840352, 0, 0, 0, 0, 8195, 32860, 8194, 8421445
0, 1, 8388608, 1, 1468, 97.5508607, 0, 16.9583368678915, 0, 0, 0, 0, 5717, 22948, 5716, 8411533
0, 1, 8388608, 1, 1468, 97.5953176, 0, 16.9659899737533, 0, 0, 0, 0, 5717, 22948, 5716, 8411533
0, 1, 8388608, 1, 2048, 70.0327598, 0, 16.9807693922382, 0, 0, 0, 0, 4099, 16476, 4098, 8405061
0, 1, 8388608, 1, 2048, 69.9791651, 0, 16.9683696607274, 0, 0, 0, 0, 4099, 16476, 4098, 8405061
0, 1, 8388608, 1, 4096, 35.0955043, 0, 17.008294533919, 0, 0, 0, 0, 2051, 8284, 2050, 8396869
0, 1, 8388608, 1, 4096, 35.0576295, 0, 16.9891037091264, 0, 0, 0, 0, 2051, 8284, 2050, 8396869
0, 1, 8388608, 2, 512, 140.1482401, 0, 16.952670145246, 0, 0, 0, 0, 8195, 32859, 16386, 8454212
0, 1, 8388608, 2, 512, 140.1755422, 0, 16.9562390455266, 0, 0, 0, 0, 8195, 32859, 16386, 8454212
0, 1, 8388608, 2, 1024, 70.2013142, 0, 16.9753845496705, 0, 0, 0, 0, 4099, 16476, 8194, 8421445
0, 1, 8388608, 2, 1024, 70.171818, 0, 16.967755186722, 0, 0, 0, 0, 4099, 16476, 8194, 8421445
0, 1, 8388608, 2, 1468, 49.0114891, 0, 16.9852365990203, 0, 0, 0, 0, 2860, 11520, 5716, 8411533
0, 1, 8388608, 2, 1468, 48.9584102, 0, 16.9661712736179, 0, 0, 0, 0, 2860, 11520, 5716, 8411533
0, 1, 8388608, 2, 2048, 35.2972634, 0, 17.0570650073206, 0, 0, 0, 0, 2051, 8284, 4098, 8405061
0, 1, 8388608, 2, 2048, 35.3121557, 0, 17.0629587115666, 0, 0, 0, 0, 2051, 8284, 4098, 8405061
0, 1, 8388608, 2, 4096, 17.6227653, 0, 17.0099435121951, 0, 0, 0, 0, 1027, 4188, 2050, 8396869
0, 1, 8388608, 2, 4096, 17.6923435, 0, 17.0759465365853, 0, 0, 0, 0, 1027, 4188, 2050, 8396869
0, 1, 8388608, 4, 512, 70.4404572, 0, 16.9779594825483, 0, 0, 0, 0, 4099, 16475, 16386, 8454212
0, 1, 8388608, 4, 512, 70.3624497, 0, 16.9586668293874, 0, 0, 0, 0, 4099, 16475, 16386, 8454212
0, 1, 8388608, 4, 1024, 35.2836881, 0, 16.9959140068326, 0, 0, 0, 0, 2051, 8284, 8194, 8421445
0, 1, 8388608, 4, 1024, 35.2766129, 0, 16.9911748657882, 0, 0, 0, 0, 2051, 8284, 8194, 8421445
0, 1, 8388608, 4, 1468, 24.6850011, 0, 17.0279807557732, 0, 0, 0, 0, 1431, 5804, 5716, 8411533
0, 1, 8388608, 4, 1468, 24.6425699, 0, 17.0033327501749, 0, 0, 0, 0, 1431, 5804, 5716, 8411533
0, 1, 8388608, 4, 2048, 17.7129977, 0, 17.0226555121951, 0, 0, 0, 0, 1027, 4188, 4098, 8405061
0, 1, 8388608, 4, 2048, 17.7162379, 0, 17.025959902439, 0, 0, 0, 0, 1027, 4188, 4098, 8405061
0, 1, 8388608, 4, 4096, 8.9152766, 0, 17.0695278752437, 0, 0, 0, 0, 515, 2140, 2050, 8396869
0, 1, 8388608, 4, 4096, 8.8835962, 0, 17.0136304093567, 0, 0, 0, 0, 515, 2140, 2050, 8396869
0, 1, 8388608, 8, 512, 35.5870311, 0, 17.018372523182, 0, 0, 0, 0, 2051, 8283, 16386, 8454212
0, 1, 8388608, 8, 512, 35.5637168, 0, 17.0057234260615, 0, 0, 0, 0, 2051, 8283, 16386, 8454212
0, 1, 8388608, 8, 1024, 17.8579311, 0, 17.0520590243903, 0, 0, 0, 0, 1027, 4188, 8194, 8421445
0, 1, 8388608, 8, 1024, 17.9105413, 0, 17.097211902439, 0, 0, 0, 0, 1027, 4188, 8194, 8421445
0, 1, 8388608, 8, 1468, 12.4738571, 0, 17.0465944055944, 0, 0, 0, 0, 717, 2948, 5716, 8411533
0, 1, 8388608, 8, 1468, 12.4833366, 0, 17.0533942657343, 0, 0, 0, 0, 717, 2948, 5716, 8411533
0, 1, 8388608, 8, 2048, 8.9792429, 0, 17.0689409356725, 0, 0, 0, 0, 515, 2140, 4098, 8405061
0, 1, 8388608, 8, 2048, 8.9959607, 0, 17.1070992202729, 0, 0, 0, 0, 515, 2140, 4098, 8405061
0, 1, 8388608, 8, 4096, 4.5305506, 0, 17.0873143968872, 0, 0, 0, 0, 259, 1116, 2050, 8396869
0, 1, 8388608, 8, 4096, 4.5335138, 0, 17.0921552529183, 0, 0, 0, 0, 259, 1116, 2050, 8396869
0, 1, 8388608, 16, 512, 18.1558904, 0, 17.1072630243903, 0, 0, 0, 0, 1027, 4188, 16386, 8454213
0, 1, 8388608, 16, 512, 18.1513515, 0, 17.1017646829268, 0, 0, 0, 0, 1027, 4188, 16386, 8454213
0, 1, 8388608, 16, 1024, 9.1149095, 0, 17.1080847953216, 0, 0, 0, 0, 515, 2141, 8194, 8421446
0, 1, 8388608, 16, 1024, 9.113351, 0, 17.1036925925926, 0, 0, 0, 0, 515, 2141, 8194, 8421446
0, 1, 8388608, 16, 1468, 6.3799998, 0, 17.1015594972067, 0, 0, 0, 0, 360, 1521, 5716, 8411534
0, 1, 8388608, 16, 1468, 6.3736381, 0, 17.0870891061453, 0, 0, 0, 0, 360, 1521, 5716, 8411534
0, 1, 8388608, 16, 2048, 4.59916, 0, 17.1078595330739, 0, 0, 0, 0, 259, 1117, 4098, 8405062
0, 1, 8388608, 16, 2048, 4.6011667, 0, 17.1146575875486, 0, 0, 0, 0, 259, 1117, 4098, 8405062
0, 1, 8388608, 16, 4096, 2.331189, 0, 17.0608573643411, 0, 0, 0, 0, 131, 605, 2050, 8396870
0, 1, 8388608, 16, 4096, 2.3333101, 0, 17.0884023255814, 0, 0, 0, 0, 131, 605, 2050, 8396870
0, 1, 8388608, 32, 512, 9.2990187, 0, 17.0266115009747, 0, 0, 0, 0, 515, 2140, 16386, 8454213
0, 1, 8388608, 32, 512, 9.3083902, 0, 17.0377764132554, 0, 0, 0, 0, 515, 2140, 16386, 8454213
0, 1, 8388608, 32, 1024, 4.6935369, 0, 17.0236128404669, 0, 0, 0, 0, 259, 1117, 8194, 8421446
0, 1, 8388608, 32, 1024, 4.7057294, 0, 17.0580322957198, 0, 0, 0, 0, 259, 1117, 8194, 8421446
0, 1, 8388608, 32, 1468, 3.2909373, 0, 17.0187558659218, 0, 0, 0, 0, 181, 805, 5716, 8411534
0, 1, 8388608, 32, 1468, 3.2914731, 0, 17.0357100558659, 0, 0, 0, 0, 181, 805, 5716, 8411534
0, 1, 8388608, 32, 2048, 2.3928139, 0, 17.0194782945736, 0, 0, 0, 0, 131, 605, 4098, 8405062
0, 1, 8388608, 32, 2048, 2.3914072, 0, 17.0610666666667, 0, 0, 0, 0, 131, 605, 4098, 8405062
0, 1, 8388608, 32, 4096, 1.258063, 0, 17.0644415384615, 0, 0, 0, 0, 67, 349, 2050, 8396870
0, 1, 8388608, 32, 4096, 1.2329761, 0, 17.04244, 0, 0, 0, 0, 67, 349, 2050, 8396870
0, 3, 8388608, 1, 512, 279.3972599, 0, 16.9426736161122, 0, 0, 0, 0, 16387, 65627, 16386, 8454212
0, 3, 8388608, 1, 512, 279.3800566, 0, 16.9413839609398, 0, 0, 0, 0, 16387, 65627, 16386, 8454212
0, 3, 8388608, 1, 1024, 139.8480765, 0, 16.9572903820334, 0, 0, 0, 0, 8195, 32860, 8194, 8421445
0, 3, 8388608, 1, 1024, 139.8453647, 0, 16.9572589039424, 0, 0, 0, 0, 8195, 32860, 8194, 8421445
0, 3, 8388608, 1, 1468, 97.5909998, 0, 16.9653677690289, 0, 0, 0, 0, 5717, 22948, 5716, 8411533
0, 3, 8388608, 1, 1468, 97.6410685, 0, 16.9736538057743, 0, 0, 0, 0, 5717, 22948, 5716, 8411533
0, 3, 8388608, 1, 2048, 69.977207, 0, 16.9676217476202, 0, 0, 0, 0, 4099, 16476, 4098, 8405061
0, 3, 8388608, 1, 2048, 70.0299204, 0, 16.9802570417378, 0, 0, 0, 0, 4099, 16476, 4098, 8405061
0, 3, 8388608, 1, 4096, 35.1395352, 0, 17.0291373352855, 0, 0, 0, 0, 2051, 8284, 2050, 8396869
0, 3, 8388608, 1, 4096, 35.0548894, 0, 16.9886687652513, 0, 0, 0, 0, 2051, 8284, 2050, 8396869
0, 3, 8388608, 2, 512, 140.188619, 0, 16.9574070425973, 0, 0, 0, 0, 8195, 32859, 16386, 8454212
0, 3, 8388608, 2, 512, 140.1245728, 0, 16.9494212376419, 0, 0, 0, 0, 8195, 32859, 16386, 8454212
0, 3, 8388608, 2, 1024, 70.2396811, 0, 16.9867199414205, 0, 0, 0, 0, 4099, 16476, 8194, 8421445
0, 3, 8388608, 2, 1024, 70.2724025, 0, 16.9947531852575, 0, 0, 0, 0, 4099, 16476, 8194, 8421445
0, 3, 8388608, 2, 1468, 49.0818299, 0, 17.0084992302309, 0, 0, 0, 0, 2860, 11520, 5716, 8411533
0, 3, 8388608, 2, 1468, 49.0604355, 0, 17.0011369139258, 0, 0, 0, 0, 2860, 11520, 5716, 8411533
0, 3, 8388608, 2, 2048, 35.234621, 0, 17.0256254758419, 0, 0, 0, 0, 2051, 8284, 4098, 8405061
0, 3, 8388608, 2, 2048, 35.1485307, 0, 16.9887366520254, 0, 0, 0, 0, 2051, 8284, 4098, 8405061
0, 3, 8388608, 2, 4096, 17.703891, 0, 17.0839473170732, 0, 0, 0, 0, 1027, 4188, 2050, 8396869
0, 3, 8388608, 2, 4096, 17.6194162, 0, 17.0068275121951, 0, 0, 0, 0, 1027, 4188, 2050, 8396869
0, 3, 8388608, 4, 512, 70.4156489, 0, 16.9716154991457, 0, 0, 0, 0, 4099, 16475, 16386, 8454212
0, 3, 8388608, 4, 512, 70.405954, 0, 16.9690024408103, 0, 0, 0, 0, 4099, 16475, 16386, 8454212
0, 3, 8388608, 4, 1024, 35.4435341, 0, 17.0634998535871, 0, 0, 0, 0, 2051, 8284, 8194, 8421445
0, 3, 8388608, 4, 1024, 35.3181452, 0, 17.006767545144, 0, 0, 0, 0, 2051, 8284, 8194, 8421445
0, 3, 8388608, 4, 1468, 24.7455687, 0, 17.0705074177746, 0, 0, 0, 0, 1431, 5804, 5716, 8411533
0, 3, 8388608, 4, 1468, 24.7213996, 0, 17.0518881035689, 0, 0, 0, 0, 1431, 5804, 5716, 8411533
0, 3, 8388608, 4, 2048, 17.7445926, 0, 17.0531531707317, 0, 0, 0, 0, 1027, 4188, 4098, 8405061
0, 3, 8388608, 4, 2048, 17.7605625, 0, 17.0688997073171, 0, 0, 0, 0, 1027, 4188, 4098, 8405061
0, 3, 8388608, 4, 4096, 8.8972035, 0, 17.0351378167641, 0, 0, 0, 0, 515, 2140, 2050, 8396869
0, 3, 8388608, 4, 4096, 8.9103407, 0, 17.0571555555555, 0, 0, 0, 0, 515, 2140, 2050, 8396869
0, 3, 8388608, 8, 512, 35.5325809, 0, 16.9906488530991, 0, 0, 0, 0, 2051, 8283, 16386, 8454212
0, 3, 8388608, 8, 512, 35.6264078, 0, 17.0343165934602, 0, 0, 0, 0, 2051, 8283, 16386, 8454212
0, 3, 8388608, 8, 1024, 17.8770886, 0, 17.0674017560976, 0, 0, 0, 0, 1027, 4188, 8194, 8421445
0, 3, 8388608, 8, 1024, 17.8262975, 0, 17.0220340487805, 0, 0, 0, 0, 1027, 4188, 8194, 8421445
0, 3, 8388608, 8, 1468, 12.4953476, 0, 17.0720716083916, 0, 0, 0, 0, 717, 2948, 5716, 8411533
0, 3, 8388608, 8, 1468, 12.5060701, 0, 17.0871902097902, 0, 0, 0, 0, 717, 2948, 5716, 8411533
0, 3, 8388608, 8, 2048, 8.9896344, 0, 17.0850830409357, 0, 0, 0, 0, 515, 2140, 4098, 8405061
0, 3, 8388608, 8, 2048, 8.9622813, 0, 17.0371695906433, 0, 0, 0, 0, 515, 2140, 4098, 8405061
0, 3, 8388608, 8, 4096, 4.5281769, 0, 17.0739443579766, 0, 0, 0, 0, 259, 1116, 2050, 8396869
0, 3, 8388608, 8, 4096, 4.5396076, 0, 17.1109229571984, 0, 0, 0, 0, 259, 1116, 2050, 8396869
0, 3, 8388608, 16, 512, 18.1514534, 0, 17.1034885853658, 0, 0, 0, 0, 1027, 4188, 16386, 8454213
0, 3, 8388608, 16, 512, 18.1517993, 0, 17.1037217560975, 0, 0, 0, 0, 1027, 4188, 16386, 8454213
0, 3, 8388608, 16, 1024, 9.1144464, 0, 17.1101348927875, 0, 0, 0, 0, 515, 2141, 8194, 8421446
0, 3, 8388608, 16, 1024, 9.1284366, 0, 17.1279855750488, 0, 0, 0, 0, 515, 2141, 8194, 8421446
0, 3, 8388608, 16, 1468, 6.3791685, 0, 17.100280726257, 0, 0, 0, 0, 360, 1521, 5716, 8411534
0, 3, 8388608, 16, 1468, 6.3852843, 0, 17.1204117318436, 0, 0, 0, 0, 360, 1521, 5716, 8411534
0, 3, 8388608, 16, 2048, 4.606159, 0, 17.1199124513619, 0, 0, 0, 0, 259, 1117, 4098, 8405062
0, 3, 8388608, 16, 2048, 4.6067074, 0, 17.1125202334631, 0, 0, 0, 0, 259, 1117, 4098, 8405062
0, 3, 8388608, 16, 4096, 2.3387392, 0, 17.0966930232558, 0, 0, 0, 0, 131, 605, 2050, 8396870
0, 3, 8388608, 16, 4096, 2.3377579, 0, 17.0974294573643, 0, 0, 0, 0, 131, 605, 2050, 8396870
0, 3, 8388608, 32, 512, 9.3124338, 0, 17.0401875243665, 0, 0, 0, 0, 515, 2140, 16386, 8454213
0, 3, 8388608, 32, 512, 9.3217016, 0, 17.0592795321637, 0, 0, 0, 0, 515, 2140, 16386, 8454213
0, 3, 8388608, 32, 1024, 4.6962828, 0, 17.0331848249027, 0, 0, 0, 0, 259, 1117, 8194, 8421446
0, 3, 8388608, 32, 1024, 4.7058283, 0, 17.0575859922179, 0, 0, 0, 0, 259, 1117, 8194, 8421446
0, 3, 8388608, 32, 1468, 3.2885517, 0, 17.0175765363129, 0, 0, 0, 0, 181, 805, 5716, 8411534
0, 3, 8388608, 32, 1468, 3.2940596, 0, 17.0432899441341, 0, 0, 0, 0, 181, 805, 5716, 8411534
0, 3, 8388608, 32, 2048, 2.3875413, 0, 17.0247403100775, 0, 0, 0, 0, 131, 605, 4098, 8405062
0, 3, 8388608, 32, 2048, 2.3951939, 0, 17.0366054263566, 0, 0, 0, 0, 131, 605, 4098, 8405062
0, 3, 8388608, 32, 4096, 1.233081, 0, 17.0151507692308, 0, 0, 0, 0, 67, 349, 2050, 8396870
0, 3, 8388608, 32, 4096, 1.2379535, 0, 17.03122, 0, 0, 0, 0, 67, 349, 2050, 8396870
0.005, 1, 8388608, 1, 512, 517.4820316, 78, 16.933509215746, 93, 372, 85, 43860, 16472, 65967, 16464, 8494460
0.005, 1, 8388608, 1, 512, 530.3699588, 87, 16.9335528227036, 93, 372, 82, 42312, 16468, 65951, 16473, 8499104
0.005, 1, 8388608, 1, 1024, 249.2908492, 37, 17.0692853289393, 45, 180, 35, 35980, 8229, 32996, 8231, 8459481
0.005, 1, 8388608, 1, 1024, 239.1084249, 37, 16.9460114365921, 39, 156, 27, 27756, 8222, 32968, 8231, 8459481
0.005, 1, 8388608, 1, 1468, 171.845826, 25, 16.9540725809274, 27, 108, 23, 33856, 5740, 23040, 5741, 8448333
0.005, 1, 8388608, 1, 1468, 190.071834, 28, 16.9632529308836, 31, 124, 35, 51520, 5752, 23088, 5744, 8452749
0.005, 1, 8388608, 1, 2048, 141.3452553, 24, 16.9831728581889, 28, 112, 22, 45144, 4121, 16564, 4122, 8454309
0.005, 1, 8388608, 1, 2048, 132.401545, 18, 16.9803079082255, 21, 84, 25, 51300, 4124, 16576, 4116, 8441997
0.005, 1, 8388608, 1, 4096, 70.284494, 11, 17.0169388970229, 13, 52, 12, 49200, 2063, 8332, 2061, 8441969
0.005, 1, 8388608, 1, 4096, 81.2930814, 19, 17.0203327476818, 19, 76, 12, 49200, 2063, 8332, 2069, 8474769
0.005, 1, 8388608, 2, 512, 356.0375019, 182, 17.2366694048923, 41, 164, 83, 42828, 8278, 33191, 16568, 8548124
0.005, 1, 8388608, 2, 512, 346.0766514, 184, 17.3962659724759, 50, 200, 71, 36636, 8275, 33179, 16570, 8549156
0.005, 1, 8388608, 2, 1024, 174.6776412, 91, 17.8708953494034, 20, 80, 43, 44204, 4150, 16680, 8285, 8514993
0.005, 1, 8388608, 2, 1024, 171.5877681, 93, 16.9013479552094, 22, 88, 37, 38036, 4140, 16640, 8287, 8517049
0.005, 1, 8388608, 2, 1468, 134.3514708, 76, 17.2286157949791, 16, 64, 35, 51520, 2895, 11660, 5792, 8523405
0.005, 1, 8388608, 2, 1468, 109.2964146, 53, 17.3004046105483, 14, 56, 20, 29440, 2882, 11608, 5769, 8489549
0.005, 1, 8388608, 2, 2048, 99.4864447, 52, 17.4091938686132, 11, 44, 26, 53352, 2084, 8416, 4150, 8511765
0.005, 1, 8388608, 2, 2048, 99.5591222, 53, 18.8937767883212, 13, 52, 27, 55404, 2083, 8412, 4151, 8513817
0.005, 1, 8388608, 2, 4096, 44.7448014, 23, 16.9470149951314, 6, 24, 10, 41000, 1039, 4236, 2073, 8491169
0.005, 1, 8388608, 2, 4096, 54.8481937, 28, 17.9058656948494, 6, 24, 17, 69700, 1046, 4264, 2078, 8511669
0.005, 1, 8388608, 4, 512, 169.1612964, 234, 17.1552094325898, 19, 76, 77, 39732, 4225, 16979, 16620, 8574956
0.005, 1, 8388608, 4, 512, 180.0960614, 268, 17.4065306256062, 28, 112, 70, 36120, 4198, 16871, 16654, 8592500
0.005, 1, 8388608, 4, 1024, 105.8048906, 180, 17.8578118898019, 12, 48, 54, 55512, 2132, 8608, 8374, 8606485
0.005, 1, 8388608, 4, 1024, 95.7516172, 158, 17.8390964199323, 10, 40, 48, 49344, 2125, 8580, 8352, 8583869
0.005, 1, 8388608, 4, 1468, 57.0496409, 83, 17.6796314147018, 5, 20, 32, 47104, 1491, 6044, 5799, 8533709
0.005, 1, 8388608, 4, 1468, 49.8189289, 71, 18.3115196242171, 6, 24, 20, 29440, 1458, 5912, 5787, 8516045
0.005, 1, 8388608, 4, 2048, 32.8901183, 48, 17.0536945736434, 6, 24, 15, 30780, 1045, 4260, 4146, 8503557
0.005, 1, 8388608, 4, 2048, 48.899444, 78, 16.8741439071567, 5, 20, 26, 53352, 1057, 4308, 4176, 8565117
0.005, 1, 8388608, 4, 4096, 22.9237517, 32, 16.9690992217899, 5, 20, 4, 16400, 525, 2180, 2082, 8528069
0.005, 1, 8388608, 4, 4096, 18.9800782, 32, 16.9447634429401, 2, 8, 10, 41000, 526, 2184, 2082, 8528069
0.005, 1, 8388608, 8, 512, 92.3865299, 444, 17.4472577255278, 15, 60, 77, 39732, 2302, 9287, 16830, 8683316
0.005, 1, 8388608, 8, 512, 87.4513708, 430, 17.9568936811872, 15, 60, 85, 43860, 2315, 9339, 16816, 8676092
0.005, 1, 8388608, 8, 1024, 47.2278802, 217, 17.9336663784822, 5, 20, 39, 40092, 1159, 4716, 8411, 8644521
0.005, 1, 8388608, 8, 1024, 36.1354812, 171, 16.980013832853, 7, 28, 36, 37008, 1147, 4668, 8365, 8597233
0.005, 1, 8388608, 8, 1468, 31.8019654, 143, 17.0726326923077, 5, 20, 30, 43148, 824, 3376, 5859, 8622029
0.005, 1, 8388608, 8, 1468, 33.7410142, 142, 16.9768252413793, 3, 12, 27, 39744, 819, 3356, 5858, 8620557
0.005, 1, 8388608, 8, 2048, 31.1648345, 134, 16.9477182341651, 3, 12, 18, 36936, 586, 2424, 4232, 8680029
0.005, 1, 8388608, 8, 2048, 27.1768012, 131, 16.9705831417625, 5, 20, 22, 45144, 586, 2424, 4229, 8673873
0.005, 1, 8388608, 8, 4096, 14.610578, 64, 16.8320911877395, 0, 0, 13, 53300, 290, 1240, 2114, 8659269
0.005, 1, 8388608, 8, 4096, 9.623183, 49, 16.9770425287356, 0, 0, 12, 49200, 289, 1236, 2099, 8597769
0.005, 1, 8388608, 16, 512, 44.6827757, 605, 17.0447284220532, 7, 28, 60, 30960, 1451, 5884, 16991, 8766393
0.005, 1, 8388608, 16, 512, 50.917818, 803, 16.9898204694836, 10, 40, 93, 47988, 1654, 6696, 17189, 8868561
0.005, 1, 8388608, 16, 1024, 19.3959436, 311, 17.0329289772727, 4, 16, 32, 32896, 733, 3013, 8505, 8741154
0.005, 1, 8388608, 16, 1024, 14.4965827, 330, 17.0767527204503, 2, 8, 39, 40092, 798, 3273, 8524, 8760686
0.005, 1, 8388608, 16, 1468, 15.6133658, 242, 17.0685991891892, 3, 12, 25, 36800, 544, 2257, 5958, 8767758
0.005, 1, 8388608, 16, 1468, 11.7033648, 314, 17.0577587765958, 4, 16, 35, 51520, 626, 2585, 6030, 8873742
0.005, 1, 8388608, 16, 2048, 15.8229126, 274, 16.898824535316, 2, 8, 28, 57456, 445, 1861, 4372, 8967310
0.005, 1, 8388608, 16, 2048, 11.7734819, 178, 17.0289124528302, 1, 4, 17, 34884, 401, 1685, 4276, 8770318
0.005, 1, 8388608, 16, 4096, 2.4218214, 65, 17.0375865671642, 0, 0, 11, 45100, 190, 841, 2115, 8659274
0.005, 1, 8388608, 16, 4096, 3.4088658, 64, 17.0847969924812, 1, 4, 10, 41000, 190, 841, 2114, 8659270
0.005, 1, 8388608, 32, 512, 25.0262534, 1425, 18.6629552536232, 8, 32, 86, 44376, 1746, 7064, 17811, 9189513
0.005, 1, 8388608, 32, 512, 27.9393342, 1340, 16.8095359489051, 9, 36, 80, 41280, 1598, 6472, 17726, 9145653
0.005, 1, 8388608, 32, 1024, 9.0143108, 593, 16.8652948905109, 3, 12, 36, 37008, 806, 3305, 8787, 9031050
0.005, 1, 8388608, 32, 1024, 16.9137645, 586, 16.7639577777778, 4, 16, 35, 35980, 639, 2637, 8780, 9023854
0.005, 1, 8388608, 32, 1468, 4.4698224, 302, 22.2665867021277, 2, 8, 20, 29440, 471, 1965, 6018, 8856078
0.005, 1, 8388608, 32, 1468, 5.6261086, 584, 16.7878656565657, 4, 16, 41, 60352, 713, 2933, 6300, 9271182
0.005, 1, 8388608, 32, 2048, 7.603903, 434, 16.6629885714286, 3, 12, 26, 53352, 488, 2033, 4532, 9295630
0.005, 1, 8388608, 32, 2048, 2.6091825, 369, 16.8839489361702, 1, 4, 21, 43092, 490, 2041, 4467, 9162250
0.005, 1, 8388608, 32, 4096, 5.3370382, 244, 16.6509690140845, 2, 8, 13, 53300, 244, 1057, 2294, 9397270
0.005, 1, 8388608, 32, 4096, 4.3025356, 168, 16.6297927536232, 4, 16, 10, 41000, 196, 865, 2218, 9085670
0.005, 3, 8388608, 1, 512, 976.8548307, 65, 17.1279743118706, 72, 288, 99, 51084, 16484, 66015, 16451, 8487752
0.005, 3, 8388608, 1, 512, 1072.8015445, 77, 17.1184030332622, 91, 364, 106, 54696, 16491, 66043, 16463, 8493944
0.005, 3, 8388608, 1, 1024, 476.2080607, 41, 16.9508877090198, 45, 180, 31, 31868, 8226, 32984, 8235, 8463593
0.005, 3, 8388608, 1, 1024, 458.2116983, 39, 16.9477826193092, 40, 160, 31, 31868, 8226, 32984, 8233, 8461537
0.005, 3, 8388608, 1, 1468, 299.0362273, 19, 16.9740005599299, 21, 84, 27, 39744, 5744, 23056, 5735, 8439501
0.005, 3, 8388608, 1, 1468, 328.9575974, 25, 17.4890443569554, 28, 112, 27, 39744, 5743, 23052, 5741, 8448333
0.005, 3, 8388608, 1, 2048, 295.3895251, 26, 16.9860583109592, 28, 112, 24, 49248, 4123, 16572, 4124, 8458413
0.005, 3, 8388608, 1, 2048, 253.2685101, 17, 16.9663989504516, 24, 96, 21, 43092, 4120, 16560, 4115, 8439945
0.005, 3, 8388608, 1, 4096, 113.2836253, 6, 16.9959406539776, 8, 32, 14, 57400, 2065, 8340, 2056, 8421469
0.005, 3, 8388608, 1, 4096, 110.2039885, 7, 16.9925725231821, 8, 32, 10, 41000, 2061, 8324, 2057, 8425569
0.005, 3, 8388608, 2, 512, 722.8973427, 170, 19.0870174320868, 45, 180, 66, 34056, 8273, 33171, 16556, 8541932
0.005, 3, 8388608, 2, 512, 845.5572096, 201, 17.5436298429319, 47, 188, 86, 44376, 8303, 33291, 16587, 8557928
0.005, 3, 8388608, 2, 1024, 388.6255707, 89, 17.662652946907, 26, 104, 35, 35980, 4139, 16636, 8283, 8512937
0.005, 3, 8388608, 2, 1024, 400.8697853, 86, 19.1324691670726, 16, 64, 49, 50372, 4161, 16724, 8280, 8509853
0.005, 3, 8388608, 2, 1468, 253.3594978, 60, 20.0724099127399, 14, 56, 28, 41216, 2892, 11648, 5776, 8499853
0.005, 3, 8388608, 2, 1468, 259.3325529, 67, 19.0080060013957, 16, 64, 27, 39744, 2889, 11636, 5783, 8510157
0.005, 3, 8388608, 2, 2048, 212.456003, 51, 18.4564184031159, 16, 64, 17, 34884, 2069, 8356, 4149, 8509713
0.005, 3, 8388608, 2, 2048, 197.5196181, 47, 18.4099869099757, 9, 36, 23, 47196, 2078, 8392, 4145, 8501505
0.005, 3, 8388608, 2, 4096, 98.8201946, 23, 22.7352907677357, 1, 4, 17, 69700, 1044, 4256, 2073, 8491169
0.005, 3, 8388608, 2, 4096, 80.7949601, 15, 19.9122424537488, 1, 4, 11, 45100, 1042, 4248, 2065, 8458369
0.005, 3, 8388608, 4, 512, 377.0768707, 231, 17.6062880426874, 13, 52, 80, 41280, 4211, 16923, 16617, 8573408
0.005, 3, 8388608, 4, 512, 440.352527, 310, 16.8809447992259, 25, 100, 96, 49536, 4233, 17011, 16696, 8614172
0.005, 3, 8388608, 4, 1024, 206.6824904, 141, 16.8794005326877, 9, 36, 45, 46260, 2115, 8540, 8335, 8566393
0.005, 3, 8388608, 4, 1024, 212.6359257, 132, 18.3998318932039, 14, 56, 34, 34952, 2116, 8544, 8326, 8557141
0.005, 3, 8388608, 4, 1468, 100.0301757, 74, 17.0094838306731, 4, 16, 29, 42688, 1483, 6012, 5790, 8520461
0.005, 3, 8388608, 4, 1468, 153.9082846, 82, 19.0652653899722, 11, 44, 25, 36800, 1476, 5984, 5798, 8532237
0.005, 3, 8388608, 4, 2048, 158.8993325, 85, 16.8531742718447, 6, 24, 26, 53352, 1070, 4360, 4183, 8579481
0.005, 3, 8388608, 4, 2048, 83.8810938, 50, 16.9580270165209, 2, 8, 17, 34884, 1053, 4292, 4148, 8507661
0.005, 3, 8388608, 4, 4096, 57.0139561, 35, 16.9812767441861, 2, 8, 12, 49200, 537, 2228, 2085, 8540369
0.005, 3, 8388608, 4, 4096, 62.9495343, 37, 16.9233178640777, 4, 16, 8, 32800, 521, 2164, 2087, 8548569
0.005, 3, 8388608, 8, 512, 180.2912104, 344, 18.3916175734232, 5, 20, 79, 40764, 2269, 9155, 16730, 8631716
0.005, 3, 8388608, 8, 512, 204.4548385, 428, 17.0003034532374, 14, 56, 87, 44892, 2339, 9435, 16814, 8675060
0.005, 3, 8388608, 8, 1024, 126.3752255, 282, 16.932621278626, 8, 32, 55, 56540, 1220, 4960, 8476, 8711341
0.005, 3, 8388608, 8, 1024, 60.3170316, 176, 19.9487642377756, 2, 8, 41, 42148, 1163, 4732, 8370, 8602373
0.005, 3, 8388608, 8, 1468, 84.7529784, 157, 17.0252777166437, 6, 24, 34, 50048, 816, 3344, 5873, 8642637
0.005, 3, 8388608, 8, 1468, 72.7625804, 167, 21.0972391483516, 5, 20, 31, 45632, 813, 3332, 5883, 8657357
0.005, 3, 8388608, 8, 2048, 33.1241837, 69, 22.8283724470135, 2, 8, 15, 30780, 572, 2368, 4167, 8546649
0.005, 3, 8388608, 8, 2048, 54.1475889, 109, 17.014354318618, 5, 20, 20, 41040, 561, 2324, 4207, 8628729
0.005, 3, 8388608, 8, 4096, 16.6345454, 51, 17.0735507633588, 2, 8, 12, 49200, 297, 1268, 2101, 8605969
0.005, 3, 8388608, 8, 4096, 25.6534772, 68, 16.9853961977186, 1, 4, 15, 61500, 298, 1272, 2118, 8675669
0.005, 3, 8388608, 16, 512, 81.860097, 709, 16.990016462841, 4, 16, 82, 42312, 1594, 6456, 17095, 8820057
0.005, 3, 8388608, 16, 512, 78.8259835, 671, 16.9806901129943, 4, 16, 81, 41796, 1589, 6436, 17057, 8800449
0.005, 3, 8388608, 16, 1024, 57.4060116, 333, 17.0046865530303, 4, 16, 37, 38036, 759, 3117, 8527, 8763770
0.005, 3, 8388608, 16, 1024, 75.5418113, 437, 17.0230156603774, 3, 12, 41, 42148, 882, 3609, 8631, 8870682
0.005, 3, 8388608, 16, 1468, 33.6833399, 337, 17.0301316489362, 5, 20, 38, 55936, 599, 2477, 6053, 8907598
0.005, 3, 8388608, 16, 1468, 39.5790041, 250, 16.9876016260163, 4, 16, 21, 30912, 524, 2177, 5966, 8779534
0.005, 3, 8388608, 16, 2048, 22.8435454, 243, 17.0161803703704, 4, 16, 25, 51300, 458, 1913, 4341, 8903698
0.005, 3, 8388608, 16, 2048, 19.7442333, 165, 16.9952618867924, 2, 8, 19, 38988, 384, 1617, 4263, 8743642
0.005, 3, 8388608, 16, 4096, 23.4534284, 115, 16.9332037313433, 1, 4, 13, 53300, 227, 989, 2165, 8868370
0.005, 3, 8388608, 16, 4096, 11.4277718, 85, 16.9401440298507, 3, 12, 11, 45100, 193, 853, 2135, 8745370
0.005, 3, 8388608, 32, 512, 49.0082318, 1380, 16.8260281306715, 7, 28, 84, 43344, 1697, 6868, 17766, 9166293
0.005, 3, 8388608, 32, 512, 52.0890094, 1475, 16.8766503610108, 8, 32, 91, 46956, 1856, 7504, 17861, 9215313
0.005, 3, 8388608, 32, 1024, 23.0586492, 697, 16.8456166064982, 5, 20, 47, 48316, 870, 3561, 8891, 9137962
0.005, 3, 8388608, 32, 1024, 29.0839654, 730, 16.9254722021661, 2, 8, 44, 45232, 908, 3713, 8924, 9171886
0.005, 3, 8388608, 32, 1468, 15.5684892, 502, 16.9047333333333, 5, 20, 36, 52992, 598, 2473, 6218, 9149466
0.005, 3, 8388608, 32, 1468, 3.4992182, 348, 16.9175256544503, 2, 8, 26, 38272, 514, 2137, 6064, 8923790
0.005, 3, 8388608, 32, 2048, 26.5298086, 374, 16.7351649635036, 4, 16, 21, 43092, 366, 1545, 4472, 9172510
0.005, 3, 8388608, 32, 2048, 8.5132016, 208, 17.0333348148148, 2, 8, 14, 26742, 332, 1409, 4306, 8831878
0.005, 3, 8388608, 32, 4096, 7.3058387, 172, 16.8998275362319, 2, 8, 11, 45100, 200, 881, 2222, 9102070
0.005, 3, 8388608, 32, 4096, 1.3241309, 160, 16.8692057142857, 3, 12, 12, 49200, 218, 953, 2210, 9052870
0.01, 1, 8388608, 1, 512, 823.6991275, 179, 17.050371852304, 198, 792, 184, 94944, 16566, 66343, 16565, 8546576
0.01, 1, 8388608, 1, 512, 774.8780017, 148, 17.1049163503205, 166, 664, 196, 101136, 16580, 66399, 16534, 8530580
0.01, 1, 8388608, 1, 1024, 367.711582, 75, 17.0614427071891, 87, 348, 75, 77100, 8267, 33148, 8269, 8498545
0.01, 1, 8388608, 1, 1468, 271.3096209, 56, 17.1250665266841, 65, 260, 58, 85376, 5773, 23172, 5772, 8493965
0.01, 1, 8388608, 1, 2048, 195.6167657, 35, 16.9297280449109, 41, 164, 55, 112860, 4153, 16692, 4133, 8476881
0.01, 1, 8388608, 1, 2048, 203.4768444, 47, 16.9443105198926, 57, 228, 41, 84132, 4140, 16640, 4145, 8501505
0.01, 1, 8388608, 1, 4096, 73.2926416, 12, 17.0157794533919, 17, 68, 12, 49200, 2063, 8332, 2062, 8446069
0.01, 1, 8388608, 1, 4096, 102.3426841, 19, 17.4217358711567, 24, 96, 27, 110700, 2077, 8388, 2069, 8474769
0.01, 1, 8388608, 2, 512, 573.0953019, 369, 18.2623011780422, 74, 296, 175, 90300, 8399, 33675, 16755, 8644616
0.01, 1, 8388608, 2, 512, 572.8020266, 374, 18.1822788354, 99, 396, 150, 77400, 8378, 33591, 16760, 8647196
0.01, 1, 8388608, 2, 1024, 286.1056477, 180, 19.0019834425832, 42, 168, 88, 90464, 4191, 16844, 8374, 8606485
0.01, 1, 8388608, 2, 1024, 285.928092, 198, 17.7758374605487, 45, 180, 78, 80184, 4180, 16800, 8392, 8624989
0.01, 1, 8388608, 2, 1468, 202.6449249, 130, 17.8578737995825, 25, 100, 66, 97152, 2933, 11812, 5846, 8602893
0.01, 1, 8388608, 2, 1468, 186.4883129, 111, 17.5721097280334, 30, 120, 49, 72128, 2918, 11752, 5827, 8574925
0.01, 1, 8388608, 2, 2048, 133.7243372, 83, 17.8929860340633, 18, 72, 41, 84132, 2110, 8520, 4181, 8575377
0.01, 1, 8388608, 2, 2048, 131.6834005, 80, 17.8762959183674, 15, 60, 40, 82080, 2102, 8488, 4178, 8569221
0.01, 1, 8388608, 2, 4096, 68.9009191, 44, 20.8045200389105, 9, 36, 22, 90200, 1058, 4312, 2094, 8577269
0.01, 1, 8388608, 2, 4096, 60.7745411, 37, 17.8888870873787, 11, 44, 15, 61500, 1040, 4240, 2087, 8548569
0.01, 1, 8388608, 4, 512, 313.997281, 570, 17.021000912365, 45, 180, 182, 93912, 4360, 17519, 16956, 8748332
0.01, 1, 8388608, 4, 512, 290.8521102, 552, 17.5144291516463, 46, 184, 170, 87720, 4333, 17411, 16938, 8739044
0.01, 1, 8388608, 4, 1024, 132.9580095, 248, 18.2999257211539, 28, 112, 72, 74016, 2156, 8704, 8442, 8676389
0.01, 1, 8388608, 4, 1024, 145.1616573, 265, 17.3372877639155, 22, 88, 91, 93548, 2192, 8848, 8459, 8693865
0.01, 1, 8388608, 4, 1468, 117.3025954, 240, 18.2442669178082, 25, 100, 73, 107456, 1532, 6208, 5956, 8764813
0.01, 1, 8388608, 4, 1468, 87.2323607, 163, 17.5511204264099, 8, 32, 60, 88320, 1525, 6180, 5879, 8651469
0.01, 1, 8388608, 4, 2048, 73.0422259, 125, 17.852830019305, 10, 40, 34, 69768, 1087, 4428, 4223, 8661561
0.01, 1, 8388608, 4, 2048, 69.1047283, 133, 17.8655363723609, 12, 48, 40, 82080, 1095, 4460, 4231, 8677977
0.01, 1, 8388608, 4, 4096, 26.0900523, 44, 18.8852520231214, 2, 8, 21, 86100, 546, 2264, 2094, 8577269
0.01, 1, 8388608, 4, 4096, 54.2235743, 106, 16.7792099426386, 7, 28, 31, 127100, 574, 2376, 2156, 8831469
0.01, 1, 8388608, 8, 512, 149.2340862, 820, 17.3706955618508, 22, 88, 179, 92364, 2626, 10583, 17206, 8877332
0.01, 1, 8388608, 8, 512, 149.3512557, 930, 17.3676423203382, 25, 100, 183, 94428, 2704, 10895, 17316, 8934092
0.01, 1, 8388608, 8, 1024, 69.5100582, 416, 16.8807580584354, 17, 68, 87, 89436, 1242, 5048, 8610, 8849093
0.01, 1, 8388608, 8, 1024, 73.6420627, 449, 17.8442979342723, 13, 52, 99, 101772, 1285, 5220, 8643, 8883017
0.01, 1, 8388608, 8, 1468, 51.998692, 307, 18.2502484480432, 15, 60, 59, 86848, 895, 3660, 6023, 8863437
0.01, 1, 8388608, 8, 1468, 52.8500391, 249, 18.2414931600547, 7, 28, 48, 70656, 859, 3516, 5965, 8778061
0.01, 1, 8388608, 8, 2048, 26.3093786, 174, 16.9711741509434, 4, 16, 37, 75924, 623, 2572, 4272, 8762109
0.01, 1, 8388608, 8, 2048, 58.4280646, 312, 18.7188084586466, 14, 56, 50, 102600, 679, 2796, 4410, 9045285
0.01, 1, 8388608, 8, 4096, 15.7540717, 114, 20.710702247191, 3, 12, 27, 110700, 335, 1420, 2164, 8864269
0.01, 1, 8388608, 8, 4096, 13.6149461, 71, 16.9120416030534, 2, 8, 16, 65600, 284, 1216, 2121, 8687969
0.01, 1, 8388608, 16, 512, 69.5881581, 1416, 16.9980684545455, 23, 92, 169, 87204, 2170, 8760, 17802, 9184869
0.01, 1, 8388608, 16, 512, 81.381103, 1421, 16.906145187901, 23, 92, 161, 83076, 2038, 8232, 17807, 9187449
0.01, 1, 8388608, 16, 1024, 35.7859817, 712, 16.9096943636364, 8, 32, 89, 91492, 1038, 4233, 8906, 9153382
0.01, 1, 8388608, 16, 1024, 43.9760149, 840, 16.9861893309222, 20, 80, 94, 96632, 1209, 4917, 9034, 9284966
0.01, 1, 8388608, 16, 1468, 33.0387715, 673, 16.9235002557545, 5, 20, 71, 104512, 919, 3757, 6389, 9402190
0.01, 1, 8388608, 16, 1468, 24.8394289, 494, 16.8228613577024, 5, 20, 60, 88320, 736, 3025, 6210, 9138702
0.01, 1, 8388608, 16, 2048, 23.9216406, 383, 16.8961758241758, 8, 32, 38, 77976, 516, 2145, 4481, 9190978
0.01, 1, 8388608, 16, 2048, 12.8884841, 258, 17.0581136531365, 6, 24, 32, 65664, 488, 2033, 4356, 8934478
0.01, 1, 8388608, 16, 4096, 8.5915353, 243, 16.8723866197183, 4, 16, 27, 110700, 345, 1461, 2293, 9393170
0.01, 1, 8388608, 16, 4096, 12.5766858, 248, 24.0230442857143, 3, 12, 30, 123000, 323, 1373, 2298, 9413670
0.01, 1, 8388608, 32, 512, 35.8337334, 2918, 16.666683919598, 35, 140, 197, 101652, 3086, 12424, 19304, 9959901
0.01, 1, 8388608, 32, 512, 37.8566132, 2924, 18.3824875838926, 33, 132, 207, 106812, 3111, 12524, 19310, 9962997
0.01, 1, 8388608, 32, 1024, 24.4780588, 1508, 16.6433983164983, 16, 64, 94, 96632, 1566, 6345, 9702, 9971670
0.01, 1, 8388608, 32, 1024, 16.4167584, 1342, 16.7155966216216, 14, 56, 93, 95604, 1500, 6081, 9536, 9801022
0.01, 1, 8388608, 32, 1468, 9.8550112, 1030, 21.3867081339713, 11, 44, 68, 100096, 1110, 4521, 6746, 9927694
0.01, 1, 8388608, 32, 1468, 15.7853913, 962, 16.6395604878049, 14, 56, 65, 95680, 1014, 4137, 6678, 9827598
0.01, 1, 8388608, 32, 2048, 11.9136294, 917, 16.5933793548387, 9, 36, 63, 129276, 994, 4057, 5015, 10284698
0.01, 1, 8388608, 32, 2048, 11.8606451, 814, 16.7194894736842, 10, 40, 56, 114912, 919, 3757, 4912, 10075390
0.01, 1, 8388608, 32, 4096, 5.4107953, 324, 16.7676547945205, 5, 20, 23, 94300, 378, 1593, 2374, 9725270
0.01, 1, 8388608, 32, 4096, 2.4590492, 445, 16.4528628205128, 4, 16, 30, 123000, 464, 1937, 2495, 10221370
0.01, 3, 8388608, 1, 512, 1658.2625215, 152, 16.9223399328654, 165, 660, 157, 81012, 16543, 66251, 16538, 8532644
0.01, 3, 8388608, 1, 512, 1571.7188992, 130, 17.1139914067745, 138, 552, 177, 91332, 16560, 66319, 16516, 8521292
0.01, 3, 8388608, 1, 1024, 803.5912457, 74, 16.9289777859148, 87, 348, 71, 72988, 8264, 33136, 8268, 8497517
0.01, 3, 8388608, 1, 1024, 773.4769351, 70, 17.2994587086537, 89, 356, 61, 62708, 8254, 33096, 8264, 8493405
0.01, 3, 8388608, 1, 1468, 584.3201735, 59, 16.964394208224, 59, 236, 52, 76544, 5769, 23156, 5775, 8498381
0.01, 3, 8388608, 1, 1468, 524.3534093, 40, 16.9462632370954, 46, 184, 61, 89792, 5777, 23188, 5756, 8470413
0.01, 3, 8388608, 1, 2048, 403.6176022, 33, 16.9735740785941, 37, 148, 43, 86188, 4142, 16648, 4131, 8472777
0.01, 3, 8388608, 1, 2048, 445.5632853, 41, 17.7106171833049, 47, 188, 39, 80028, 4137, 16628, 4139, 8489193
0.01, 3, 8388608, 1, 4096, 263.4046489, 26, 17.0228167886774, 30, 120, 22, 90200, 2072, 8368, 2076, 8503469
0.01, 3, 8388608, 1, 4096, 185.3228547, 18, 17.0171060517326, 21, 84, 14, 57400, 2065, 8340, 2068, 8470669
0.01, 3, 8388608, 2, 512, 1399.1526274, 357, 21.1971108114675, 73, 292, 172, 88752, 8396, 33663, 16743, 8638424
0.01, 3, 8388608, 2, 512, 1416.779654, 358, 18.6544539331307, 92, 368, 153, 78948, 8383, 33611, 16744, 8638940
0.01, 3, 8388608, 2, 1024, 731.2072134, 183, 22.6746319076549, 38, 152, 87, 89436, 4208, 16912, 8377, 8609569
0.01, 3, 8388608, 2, 1024, 767.1712328, 191, 20.4531257406508, 39, 156, 91, 93548, 4208, 16912, 8385, 8617793
0.01, 3, 8388608, 2, 1468, 532.5191991, 140, 19.9361302471284, 30, 120, 61, 89792, 2921, 11764, 5856, 8617613
0.01, 3, 8388608, 2, 1468, 598.732769, 154, 23.1126723189415, 39, 156, 66, 97152, 2943, 11932, 5870, 8638221
0.01, 3, 8388608, 2, 2048, 275.5717989, 65, 22.7484358949416, 12, 48, 32, 65664, 2089, 8516, 4163, 8538441
0.01, 3, 8388608, 2, 2048, 368.6802827, 84, 19.8238731161887, 22, 88, 42, 86184, 2105, 8580, 4182, 8577429
0.01, 3, 8388608, 2, 4096, 170.8117562, 40, 16.8485052376334, 8, 32, 20, 82000, 1048, 4272, 2090, 8560869
0.01, 3, 8388608, 2, 4096, 215.8866762, 55, 16.8515984496124, 14, 56, 24, 98400, 1051, 4284, 2105, 8622369
0.01, 3, 8388608, 4, 512, 696.2273567, 531, 21.1721470927439, 39, 156, 179, 92364, 4379, 17595, 16917, 8728208
0.01, 3, 8388608, 4, 512, 729.023595, 542, 19.6921836455331, 44, 176, 174, 89784, 4351, 17483, 16928, 8733884
0.01, 3, 8388608, 4, 1024, 372.0311826, 269, 18.241813035113, 21, 84, 89, 91492, 2173, 8772, 8463, 8697977
0.01, 3, 8388608, 4, 1024, 293.9598377, 220, 19.7512731824747, 18, 72, 78, 80184, 2155, 8700, 8414, 8647605
0.01, 3, 8388608, 4, 1468, 235.1887592, 171, 21.0017634920635, 10, 40, 56, 82432, 1524, 6176, 5887, 8663245
0.01, 3, 8388608, 4, 1468, 208.1929253, 141, 19.0145451969592, 11, 44, 54, 79488, 1528, 6192, 5857, 8619085
0.01, 3, 8388608, 4, 2048, 147.0436484, 116, 16.8462714971209, 9, 36, 39, 80028, 1083, 4412, 4214, 8643093
0.01, 3, 8388608, 4, 2048, 192.0009904, 126, 19.7791032882012, 14, 56, 32, 65664, 1082, 4408, 4224, 8663613
0.01, 3, 8388608, 4, 4096, 111.171319, 79, 16.8563124760077, 5, 20, 25, 102500, 558, 2312, 2129, 8720769
0.01, 3, 8388608, 4, 4096, 81.1574182, 63, 16.9129824091778, 4, 16, 26, 106600, 550, 2280, 2113, 8655169
0.01, 3, 8388608, 8, 512, 393.9163968, 845, 19.6483787505916, 25, 100, 160, 82560, 2567, 10347, 17231, 8890232
0.01, 3, 8388608, 8, 512, 379.0334229, 858, 18.2237624351109, 22, 88, 175, 90300, 2579, 10395, 17244, 8896940
0.01, 3, 8388608, 8, 1024, 135.5413265, 362, 16.8713017890772, 6, 24, 91, 93548, 1258, 5112, 8556, 8793581
0.01, 3, 8388608, 8, 1024, 198.6033593, 423, 19.7311837429111, 14, 56, 89, 91492, 1290, 5240, 8617, 8856289
0.01, 3, 8388608, 8, 1468, 100.0326366, 288, 16.8943267473118, 5, 20, 66, 97152, 910, 3720, 6004, 8835469
0.01, 3, 8388608, 8, 1468, 130.018151, 327, 20.8765827956989, 12, 48, 62, 91264, 923, 3772, 6043, 8892877
0.01, 3, 8388608, 8, 2048, 63.3422679, 185, 16.923837593985, 6, 24, 40, 82080, 641, 2644, 4283, 8784681
0.01, 3, 8388608, 8, 2048, 120.326061, 231, 16.8714920604915, 7, 28, 44, 90288, 660, 2720, 4329, 8877025
0.01, 3, 8388608, 8, 4096, 34.6423973, 80, 17.0038730038023, 4, 16, 12, 49200, 304, 1296, 2130, 8724869
0.01, 3, 8388608, 8, 4096, 55.6720762, 88, 16.9927927480916, 3, 12, 19, 77900, 311, 1324, 2138, 8757669
0.01, 3, 8388608, 16, 512, 154.4991341, 1389, 16.9656378870674, 26, 104, 163, 84108, 2092, 8448, 17775, 9170937
0.01, 3, 8388608, 16, 512, 172.7689555, 1544, 19.652436732852, 23, 92, 196, 101136, 2319, 9356, 17931, 9250982
0.01, 3, 8388608, 16, 1024, 54.8704093, 678, 16.9671671480144, 5, 20, 94, 96632, 1091, 4445, 8872, 9117406
0.01, 3, 8388608, 16, 1024, 27.8525844, 618, 17.0601754068716, 6, 24, 85, 87380, 1080, 4401, 8812, 9056750
0.01, 3, 8388608, 16, 1468, 78.8672374, 516, 16.8978947643979, 6, 24, 63, 92736, 761, 3125, 6232, 9171086
0.01, 3, 8388608, 16, 1468, 66.9154387, 569, 16.8740961139896, 6, 24, 65, 95680, 796, 3265, 6285, 9249102
0.01, 3, 8388608, 16, 2048, 41.0400005, 367, 17.0099104693141, 2, 8, 51, 104652, 613, 2533, 4465, 9158146
0.01, 3, 8388608, 16, 2048, 58.7859394, 288, 16.9435528089888, 7, 28, 30, 61560, 422, 1769, 4386, 8996038
0.01, 3, 8388608, 16, 4096, 11.5181408, 169, 16.9372898550725, 2, 8, 21, 86100, 275, 1181, 2219, 9089770
0.01, 3, 8388608, 16, 4096, 14.4576831, 109, 16.9361244444444, 1, 4, 13, 53300, 221, 965, 2159, 8839674
0.01, 3, 8388608, 32, 512, 70.9242875, 2971, 16.7240606312292, 28, 112, 205, 105780, 3232, 13008, 19357, 9987249
0.01, 3, 8388608, 32, 512, 110.0112239, 3127, 21.7264240400668, 40, 160, 222, 114552, 3346, 13464, 19513, 10067745
0.01, 3, 8388608, 32, 1024, 50.4243917, 1420, 16.6853218855219, 7, 28, 87, 89436, 1488, 6033, 9614, 9881206
0.01, 3, 8388608, 32, 1024, 41.6002271, 1571, 26.7047877887789, 15, 60, 103, 105884, 1750, 7081, 9765, 10036434
0.01, 3, 8388608, 32, 1468, 18.6750405, 694, 16.8026055, 8, 32, 56, 82432, 782, 3209, 6410, 9433102
0.01, 3, 8388608, 32, 1468, 15.7716867, 893, 16.6276212560387, 17, 68, 69, 101568, 972, 3969, 6609, 9726030
0.01, 3, 8388608, 32, 2048, 14.7573421, 674, 16.6796033557047, 2, 8, 43, 88236, 755, 3101, 4772, 9788110
0.01, 3, 8388608, 32, 2048, 14.7490916, 661, 16.6782912162162, 3, 12, 41, 84132, 744, 3057, 4759, 9761434
0.01, 3, 8388608, 32, 4096, 7.379119, 283, 16.7908452054794, 2, 8, 21, 86100, 309, 1317, 2333, 9557170
0.01, 3, 8388608, 32, 4096, 10.3287129, 205, 16.6966753623188, 3, 12, 18, 73800, 230, 1001, 2255, 9237370
